This is pdfTeX, Version 3.141592653-2.6-1.40.29 (TeX Live 2026/Arch Linux) (preloaded format=pdflatex 2026.3.19)  30 MAR 2026 15:44
entering extended mode
 restricted \write18 enabled.
 %&-line parsing enabled.
**thesis.tex
(./thesis.tex
LaTeX2e <2025-11-01>
L3 programming layer <2026-01-19>
(./packages/icmc.cls
Document Class: packages/icmc 2017/10/17 v1.3.7 Classe ICMC baseado em abnTeX2 
- Teses e Dissertacoes dos Programas de Pos-graduacao do Instituto de Ciencias 
Matematicas e de Computacao
(/usr/share/texmf-dist/tex/latex/xifthen/xifthen.sty
Package: xifthen 2015/11/05 v1.4.0 Extended ifthen features

(/usr/share/texmf-dist/tex/latex/tools/calc.sty
Package: calc 2025/03/01 v4.3b Infix arithmetic (KKT,FJ)
\calc@Acount=\count275
\calc@Bcount=\count276
\calc@Adimen=\dimen148
\calc@Bdimen=\dimen149
\calc@Askip=\skip49
\calc@Bskip=\skip50
LaTeX Info: Redefining \setlength on input line 86.
LaTeX Info: Redefining \addtolength on input line 87.
\calc@Ccount=\count277
\calc@Cskip=\skip51
)
(/usr/share/texmf-dist/tex/latex/base/ifthen.sty
Package: ifthen 2024/03/16 v1.1e Standard LaTeX ifthen package (DPC)
)
(/usr/share/texmf-dist/tex/latex/ifmtarg/ifmtarg.sty
Package: ifmtarg 2018/04/16 v1.2b check for an empty argument
))
(/usr/share/texmf-dist/tex/generic/iftex/ifxetex.sty
Package: ifxetex 2019/10/25 v0.7 ifxetex legacy package. Use iftex instead.

(/usr/share/texmf-dist/tex/generic/iftex/iftex.sty
Package: iftex 2024/12/12 v1.0g TeX engine tests
))
(/usr/share/texmf-dist/tex/generic/iftex/ifluatex.sty
Package: ifluatex 2019/10/25 v1.5 ifluatex legacy package. Use iftex instead.
)
(/usr/share/texmf-dist/tex/latex/abntex2/abntex2.cls
Document Class: abntex2 2018/11/24 v-1.9.7 abnTeX2
(/usr/share/texmf-dist/tex/latex/memoir/memoir.cls
Document Class: memoir 2025/11/04 v3.8.4b configurable book, report, article do
cument class
(/usr/share/texmf-dist/tex/latex/xpatch/xpatch.sty
(/usr/share/texmf-dist/tex/latex/l3kernel/expl3.sty
Package: expl3 2026-01-19 L3 programming layer (loader) 

(/usr/share/texmf-dist/tex/latex/l3backend/l3backend-pdftex.def
File: l3backend-pdftex.def 2025-10-09 L3 backend support: PDF output (pdfTeX)
\l__color_backend_stack_int=\count278
))
Package: xpatch 2020/03/25 v0.3a Extending etoolbox patching commands

(/usr/share/texmf-dist/tex/latex/l3packages/xparse/xparse.sty
Package: xparse 2025-10-09 L3 Experimental document command parser
)
(/usr/share/texmf-dist/tex/latex/etoolbox/etoolbox.sty
Package: etoolbox 2025/10/02 v2.5m e-TeX tools for LaTeX (JAW)
\etb@tempcnta=\count279
))
\onelineskip=\skip52
\lxvchars=\skip53
\xlvchars=\skip54
\@memcnta=\count280
\c@@memmarkcntra=\count281
\trimtop=\skip55
\trimedge=\skip56

(/usr/share/texmf-dist/tex/latex/memoir/mem12.clo
File: mem12.clo 2022/07/29 v0.5 memoir class 12pt size option
)
\binding=\skip57
\spinemargin=\skip58
\foremargin=\skip59
\uppermargin=\skip60
\lowermargin=\skip61
\headdrop=\skip62
\normalrulethickness=\skip63
\mem@maxheadheight=\skip64
\mem@maxfootheight=\skip65
\headwidth=\skip66
\c@storedpagenumber=\count282
\memPD=\dimen150
\m@mabparskip=\skip67
\thanksmarkwidth=\skip68
\thanksmarksep=\skip69
\droptitle=\skip70
\c@book=\count283
\c@part=\count284
\c@chapter=\count285
\c@section=\count286
\c@subsection=\count287
\c@subsubsection=\count288
\c@paragraph=\count289
\c@subparagraph=\count290
\beforechapskip=\skip71
\midchapskip=\skip72
\afterchapskip=\skip73
\chapindent=\skip74
\bottomsectionskip=\skip75
\secindent=\skip76
\beforesecskip=\skip77
\aftersecskip=\skip78
\subsecindent=\skip79
\beforesubsecskip=\skip80
\aftersubsecskip=\skip81
\subsubsecindent=\skip82
\beforesubsubsecskip=\skip83
\aftersubsubsecskip=\skip84
\paraindent=\skip85
\beforeparaskip=\skip86
\afterparaskip=\skip87
\subparaindent=\skip88
\beforesubparaskip=\skip89
\aftersubparaskip=\skip90
\pfbreakskip=\skip91
\c@@ppsavesec=\count291
\c@@ppsaveapp=\count292
\ragrparindent=\dimen151
\everylistparindent=\dimen152
\parsepi=\skip92
\topsepi=\skip93
\itemsepi=\skip94
\parsepii=\skip95
\topsepii=\skip96
\topsepiii=\skip97
\itemsepii=\skip98
\itemsepiii=\skip99
\partopsepii=\skip100
\partopsepiii=\skip101
\m@msavetopsep=\skip102
\m@msavepartopsep=\skip103
\@enLab=\toks17
\abstitleskip=\skip104
\absleftindent=\skip105
\abs@leftindent=\dimen153
\absrightindent=\skip106
\absparindent=\skip107
\absparsep=\skip108
\c@vslineno=\count293
\c@poemline=\count294
\c@modulo@vs=\count295
\c@memfvsline=\count296
\vleftskip=\skip109
\vrightskip=\skip110
\stanzaskip=\skip111
\versewidth=\skip112
\vgap=\skip113
\vindent=\skip114
\vleftmargin=\dimen154
\c@verse=\count297
\c@chrsinstr=\count298
\beforepoemtitleskip=\skip115
\afterpoemtitleskip=\skip116
\c@poem=\count299
\beforePoemTitleskip=\skip117
\midPoemTitleskip=\skip118
\afterPoemTitleskip=\skip119

(/usr/share/texmf-dist/tex/latex/tools/array.sty
Package: array 2025/09/25 v2.6n Tabular extension package (FMi)
\col@sep=\dimen155
\ar@mcellbox=\box53
\extrarowheight=\dimen156
\NC@list=\toks18
\extratabsurround=\skip120
\backup@length=\skip121
\ar@cellbox=\box54
)
(/usr/share/texmf-dist/tex/latex/tools/dcolumn.sty
Package: dcolumn 2025/10/21 v1.06 decimal alignment package (DPC)
)
(/usr/share/texmf-dist/tex/latex/tools/delarray.sty
Package: delarray 2014/10/28 v1.01 array delimiter package (DPC)
)
(/usr/share/texmf-dist/tex/latex/tools/tabularx.sty
Package: tabularx 2023/12/11 v2.12a `tabularx' package (DPC)
\TX@col@width=\dimen157
\TX@old@table=\dimen158
\TX@old@col=\dimen159
\TX@target=\dimen160
\TX@delta=\dimen161
\TX@cols=\count300
\TX@ftn=\toks19
)
(/usr/share/texmf-dist/tex/latex/booktabs/booktabs.sty
Package: booktabs 2020/01/12 v1.61803398 Publication quality tables
\heavyrulewidth=\dimen162
\lightrulewidth=\dimen163
\cmidrulewidth=\dimen164
\belowrulesep=\dimen165
\belowbottomsep=\dimen166
\aboverulesep=\dimen167
\abovetopsep=\dimen168
\cmidrulesep=\dimen169
\cmidrulekern=\dimen170
\defaultaddspace=\dimen171
\@cmidla=\count301
\@cmidlb=\count302
\@aboverulesep=\dimen172
\@belowrulesep=\dimen173
\@thisruleclass=\count303
\@lastruleclass=\count304
\@thisrulewidth=\dimen174
)
\ctableftskip=\skip122
\ctabrightskip=\skip123
\abovecolumnspenalty=\count305
\@linestogo=\count306
\@cellstogo=\count307
\@cellsincolumn=\count308
\crtok=\toks20
\@mincolumnwidth=\dimen175
\c@newflo@tctr=\count309
\mem@margin@floatbox=\box55
\@contcwidth=\skip124
\@contindw=\skip125
\abovecaptionskip=\skip126
\belowcaptionskip=\skip127
\subfloattopskip=\skip128
\subfloatcapskip=\skip129
\subfloatcaptopadj=\skip130
\subfloatbottomskip=\skip131
\subfloatlabelskip=\skip132
\subfloatcapmargin=\dimen176
\c@@contsubnum=\count310
\m@mscap@capbox=\box56
\m@mscap@fbox=\box57
\sidecapsep=\dimen177
\sidecapwidth=\dimen178
\m@m@tempdima=\dimen179
\m@mscapraise=\dimen180
\sidecapraise=\dimen181
\m@mscapmainwidth=\dimen182
\m@mscaplkern=\dimen183
\beforeepigraphskip=\skip133
\afterepigraphskip=\skip134
\epigraphwidth=\skip135
\epigraphrule=\skip136

(/usr/share/texmf-dist/tex/latex/hyperref/nameref.sty
Package: nameref 2026-01-29 v2.58 Cross-referencing by name of section

(/usr/share/texmf-dist/tex/latex/refcount/refcount.sty
Package: refcount 2019/12/15 v3.6 Data extraction from label references (HO)

(/usr/share/texmf-dist/tex/generic/ltxcmds/ltxcmds.sty
Package: ltxcmds 2023-12-04 v1.26 LaTeX kernel commands for general use (HO)
)
(/usr/share/texmf-dist/tex/generic/infwarerr/infwarerr.sty
Package: infwarerr 2019/12/03 v1.5 Providing info/warning/error messages (HO)
))
(/usr/share/texmf-dist/tex/generic/gettitlestring/gettitlestring.sty
Package: gettitlestring 2019/12/15 v1.6 Cleanup title references (HO)

(/usr/share/texmf-dist/tex/latex/kvoptions/kvoptions.sty
Package: kvoptions 2022-06-15 v3.15 Key value format for package options (HO)

(/usr/share/texmf-dist/tex/latex/graphics/keyval.sty
Package: keyval 2022/05/29 v1.15 key=value parser (DPC)
\KV@toks@=\toks21
)
(/usr/share/texmf-dist/tex/latex/kvsetkeys/kvsetkeys.sty
Package: kvsetkeys 2022-10-05 v1.19 Key value parser (HO)
)))
\c@section@level=\count311
)
\tocentryskip=\skip137
\tocbaseline=\skip138
\cftparskip=\skip139
\cftbeforebookskip=\skip140
\cftbookindent=\dimen184
\cftbooknumwidth=\dimen185
\cftbeforepartskip=\skip141
\cftpartindent=\skip142
\cftpartnumwidth=\skip143
\cftbeforechapterskip=\skip144
\cftchapterindent=\skip145
\cftchapternumwidth=\skip146
\cftbeforesectionskip=\skip147
\cftsectionindent=\skip148
\cftsectionnumwidth=\skip149
\cftbeforesubsectionskip=\skip150
\cftsubsectionindent=\skip151
\cftsubsectionnumwidth=\skip152
\cftbeforesubsubsectionskip=\skip153
\cftsubsubsectionindent=\skip154
\cftsubsubsectionnumwidth=\skip155
\cftbeforeparagraphskip=\skip156
\cftparagraphindent=\skip157
\cftparagraphnumwidth=\skip158
\cftbeforesubparagraphskip=\skip159
\cftsubparagraphindent=\skip160
\cftsubparagraphnumwidth=\skip161
\prechapterprecisshift=\dimen186
\c@maxsecnumdepth=\count312
\bibindent=\dimen187
\bibitemsep=\skip162
\indexcolsep=\skip163
\indexrule=\skip164
\indexmarkstyle=\toks22
\@indexbox=\insert252
LaTeX Info: Redefining \raggedbottom on input line 8095.
LaTeX Info: Redefining \flushbottom on input line 8099.
\glossarycolsep=\dimen188
\glossaryrule=\dimen189
\sideparvshift=\skip165
\sideins=\insert251
\sidebartopsep=\skip166
\sidebarhsep=\skip167
\sidebarvsep=\skip168
\sidebarwidth=\skip169
\footmarkwidth=\skip170
\footmarksep=\skip171
\footparindent=\skip172
\footinsdim=\skip173
\footinsv@r=\insert250
\@mpfootinsv@r=\insert249
\m@m@k=\count313
\m@m@h=\dimen190
\m@mipn@skip=\skip174
\sidefootins=\insert248
\sidefootadjust=\skip175
\sidefootheight=\skip176
\sidefoothsep=\skip177
\sidefootvsep=\skip178
\sidefootwidth=\skip179
\m@mdownsf=\skip180
\c@sidefootnote=\count314
\sidefootmarkwidth=\skip181
\sidefootmarksep=\skip182
\sidefootparindent=\skip183
\c@pagenote=\count315
\c@pagenoteshadow=\count316
\mem@pn@lastkern=\skip184

(/usr/share/texmf-dist/tex/latex/tools/verbatim.sty
Package: verbatim 2024-01-22 v1.5x LaTeX2e package for verbatim enhancements
\every@verbatim=\toks23
\verbatim@line=\toks24
\verbatim@in@stream=\read2
)
\verbatimindent=\skip185
\verbatim@out=\write3

(/usr/share/texmf-dist/tex/latex/base/shortvrb.sty
Package: shortvrb 2024/12/25 v3.0q Standard LaTeX documentation package V3 (FMi
)
)
\bvboxsep=\skip186
\c@memfbvline=\count317
\c@bvlinectr=\count318
\bvnumlength=\skip187
\fb@frw=\dimen191
\fb@frh=\dimen192
\FrameRule=\dimen193
\FrameSep=\dimen194
\c@cp@cntr=\count319
\c@ism@mctr=\count320
\c@xsm@mctr=\count321
\c@csm@mctr=\count322
\c@ksm@mctr=\count323
\c@xksm@mctr=\count324
\c@cksm@mctr=\count325
\c@msm@mctr=\count326
\c@xmsm@mctr=\count327
\c@cmsm@mctr=\count328
\c@bsm@mctr=\count329
\c@workm@mctr=\count330
\c@sheetsequence=\count331
\c@lastsheet=\count332
\c@lastpage=\count333
\c@figure=\count334
\c@lofdepth=\count335
\cftbeforefigureskip=\skip188
\cftfigureindent=\skip189
\cftfigurenumwidth=\skip190
\c@table=\count336
\c@lotdepth=\count337
\cftbeforetableskip=\skip191
\cfttableindent=\skip192
\cfttablenumwidth=\skip193
Package abstract [2008/07/23] emulated by memoir.
Package appendix [2008/07/23] emulated by memoir.
Package ccaption [2008/07/23] emulated by memoir.
Package changepage [2008/07/23] emulated by memoir.
Package chngcntr [2008/07/23] emulated by memoir.
Package chngpage [2008/07/23] emulated by memoir.
Package crop emulated by memoir.
Package enumerate [2008/07/23] emulated by memoir.
Package epigraph [2008/07/23] emulated by memoir.
Package ifmtarg [2008/07/23] emulated by memoir.
Package index [2008/07/23] emulated by memoir.
Package makeidx [2008/07/23] emulated by memoir.
Package moreverb [2008/07/23] emulated by memoir.
Package needspace [2008/07/23] emulated by memoir.
Package newfile [2008/07/23] emulated by memoir.
Package nextpage [2008/07/23] emulated by memoir.
Package pagenote [2008/07/23] emulated by memoir.
Package parskip [2008/07/23] emulated by memoir.
Package patchcmd [2008/07/23] emulated by memoir.
Package setspace [2008/07/23] emulated by memoir.
Package showidx [2008/07/23] emulated by memoir.
Package titleref [2008/07/23] emulated by memoir.
Package titling [2008/07/23] emulated by memoir.
Package tocbibind [2008/07/23] emulated by memoir.
Package tocloft [2008/07/23] emulated by memoir.
Package tocvsec2 [2008/07/23] emulated by memoir.
Package verse [2008/07/23] emulated by memoir.
)
(/usr/share/texmf-dist/tex/latex/textcase/textcase.sty
Package: textcase 2025/02/16 v1.05 Text only upper/lower case changing (DPC)
Package textcase Info: Defining Legacy names on input line 20.
)
(/usr/share/texmf-dist/tex/latex/hyperref/hyperref.sty
Package: hyperref 2026-01-29 v7.01p Hypertext links for LaTeX

(/usr/share/texmf-dist/tex/generic/kvdefinekeys/kvdefinekeys.sty
Package: kvdefinekeys 2019-12-19 v1.6 Define keys (HO)
)
(/usr/share/texmf-dist/tex/generic/pdfescape/pdfescape.sty
Package: pdfescape 2019/12/09 v1.15 Implements pdfTeX's escape features (HO)

(/usr/share/texmf-dist/tex/generic/pdftexcmds/pdftexcmds.sty
Package: pdftexcmds 2020-06-27 v0.33 Utility functions of pdfTeX for LuaTeX (HO
)
Package pdftexcmds Info: \pdf@primitive is available.
Package pdftexcmds Info: \pdf@ifprimitive is available.
Package pdftexcmds Info: \pdfdraftmode found.
))
(/usr/share/texmf-dist/tex/latex/hycolor/hycolor.sty
Package: hycolor 2020-01-27 v1.10 Color options for hyperref/bookmark (HO)
)
(/usr/share/texmf-dist/tex/generic/stringenc/stringenc.sty
Package: stringenc 2019/11/29 v1.12 Convert strings between diff. encodings (HO
)
)
\@linkdim=\dimen195
\Hy@linkcounter=\count338
\Hy@pagecounter=\count339

(/usr/share/texmf-dist/tex/latex/hyperref/pd1enc.def
File: pd1enc.def 2026-01-29 v7.01p Hyperref: PDFDocEncoding definition (HO)
Now handling font encoding PD1 ...
... no UTF-8 mapping file for font encoding PD1
)
(/usr/share/texmf-dist/tex/generic/intcalc/intcalc.sty
Package: intcalc 2019/12/15 v1.3 Expandable calculations with integers (HO)
)
\Hy@SavedSpaceFactor=\count340

(/usr/share/texmf-dist/tex/latex/hyperref/puenc.def
File: puenc.def 2026-01-29 v7.01p Hyperref: PDF Unicode definition (HO)
Now handling font encoding PU ...
... no UTF-8 mapping file for font encoding PU
)
Package hyperref Info: Hyper figures OFF on input line 4201.
Package hyperref Info: Link nesting OFF on input line 4206.
Package hyperref Info: Hyper index ON on input line 4209.
Package hyperref Info: Plain pages OFF on input line 4216.
Package hyperref Info: Backreferencing OFF on input line 4221.
Package hyperref Info: Implicit mode ON; LaTeX internals redefined.
Package hyperref Info: Bookmarks ON on input line 4468.
\c@Hy@tempcnt=\count341

(/usr/share/texmf-dist/tex/latex/url/url.sty
\Urlmuskip=\muskip17
Package: url 2013/09/16  ver 3.4  Verb mode for urls, etc.
)
LaTeX Info: Redefining \url on input line 4807.
\XeTeXLinkMargin=\dimen196

(/usr/share/texmf-dist/tex/generic/bitset/bitset.sty
Package: bitset 2019/12/09 v1.3 Handle bit-vector datatype (HO)

(/usr/share/texmf-dist/tex/generic/bigintcalc/bigintcalc.sty
Package: bigintcalc 2019/12/15 v1.5 Expandable calculations on big integers (HO
)
))
\Fld@menulength=\count342
\Field@Width=\dimen197
\Fld@charsize=\dimen198
Package hyperref Info: Hyper figures OFF on input line 6084.
Package hyperref Info: Link nesting OFF on input line 6089.
Package hyperref Info: Hyper index ON on input line 6092.
Package hyperref Info: backreferencing OFF on input line 6099.
Package hyperref Info: Link coloring OFF on input line 6104.
Package hyperref Info: Link coloring with OCG OFF on input line 6109.
Package hyperref Info: PDF/A mode OFF on input line 6114.
\Hy@abspage=\count343
\c@Item=\count344
\c@Hfootnote=\count345
)
Package hyperref Info: Driver (autodetected): hpdftex.

(/usr/share/texmf-dist/tex/latex/hyperref/hpdftex.def
File: hpdftex.def 2026-01-29 v7.01p Hyperref driver for pdfTeX
\Fld@listcount=\count346
\c@bookmark@seq@number=\count347

(/usr/share/texmf-dist/tex/latex/rerunfilecheck/rerunfilecheck.sty
Package: rerunfilecheck 2025-06-21 v1.11 Rerun checks for auxiliary files (HO)

(/usr/share/texmf-dist/tex/generic/uniquecounter/uniquecounter.sty
Package: uniquecounter 2019/12/15 v1.4 Provide unlimited unique counter (HO)
)
Package uniquecounter Info: New unique counter `rerunfilecheck' on input line 2
84.
)
\Hy@SectionHShift=\skip194
)
(/usr/share/texmf-dist/tex/latex/memoir/memhfixc.sty
Package: memhfixc 2025/09/16 v1.24 hyperref package fixes for memoir class
\c@memhycontfloat=\count348
\c@mem@Hpagenote=\count349
)
(/usr/share/texmf-dist/tex/latex/bookmark/bookmark.sty
Package: bookmark 2023-12-10 v1.31 PDF bookmarks (HO)

(/usr/share/texmf-dist/tex/latex/bookmark/bkm-pdftex.def
File: bkm-pdftex.def 2023-12-10 v1.31 bookmark driver for pdfTeX and luaTeX (HO
)
\BKM@id=\count350
))
(/usr/share/texmf-dist/tex/generic/babel/babel.sty
Package: babel 2026/02/14 v26.3 The multilingual framework for LuaLaTeX, pdfLaT
eX and XeLaTeX
\babel@savecnt=\count351
LaTeX Encoding Info:    Redeclaring text command \ij (encoding OT1) on input li
ne 2078.
LaTeX Encoding Info:    Redeclaring text command \IJ (encoding OT1) on input li
ne 2080.
LaTeX Encoding Info:    Redeclaring text command \ij (encoding T1) on input lin
e 2082.
LaTeX Encoding Info:    Redeclaring text command \IJ (encoding T1) on input lin
e 2083.
LaTeX Encoding Info:    Ignoring declaration for text command \ij (encoding ?) 
on input line 2084.
LaTeX Encoding Info:    Ignoring declaration for text command \IJ (encoding ?) 
on input line 2086.
LaTeX Encoding Info:    Ignoring declaration for text command \SS (encoding ?) 
on input line 2111.
\U@D=\dimen199
\l@unhyphenated=\language3

(/usr/share/texmf-dist/tex/generic/babel/txtbabel.def)
\bbl@readstream=\read3
\bbl@dirlevel=\count352

(/usr/share/texmf-dist/tex/generic/babel/locale/en/babel-english.tex)
(/usr/share/texmf-dist/tex/generic/babel/locale/invalid/babel-brazil.tex)
Package babel Info: Importing font and identification data for english
(babel)             from babel-en.ini. Reported on input line 4330.

(/usr/share/texmf-dist/tex/generic/babel-english/english.ldf
Language: english 2017/06/06 v3.3r English support from the babel system
Package babel Info: Hyphen rules for 'british' set to \l@english
(babel)             (\language0). Reported on input line 82.
Package babel Info: Hyphen rules for 'UKenglish' set to \l@english
(babel)             (\language0). Reported on input line 83.
Package babel Info: Hyphen rules for 'canadian' set to \l@english
(babel)             (\language0). Reported on input line 102.
Package babel Info: Hyphen rules for 'australian' set to \l@english
(babel)             (\language0). Reported on input line 105.
Package babel Info: Hyphen rules for 'newzealand' set to \l@english
(babel)             (\language0). Reported on input line 108.
)

Package babel Warning: Name 'brazil' is deprecated.
(babel)                Use 'brazilian' instead.
(babel)                Reported on input line 4330.

Package babel Info: Importing font and identification data for brazil
(babel)             from babel-pt-BR.ini. Reported on input line 4330.
(/usr/share/texmf-dist/tex/generic/babel-portuges/brazilian.ldf
Language: portuges 2026/01/24 v1.2u Portuguese support from the babel system


Package babel Warning: No hyphenation patterns were preloaded for
(babel)                the language 'Portuguese' into the format.
(babel)                Please, configure your TeX system to add them and
(babel)                rebuild the format. Now I will use the patterns
(babel)                preloaded for \language=0 instead on input line 42.

Package babel Info: Hyphen rules for 'portuges' set to \l@english
(babel)             (\language0). Reported on input line 43.
Package babel Info: Hyphen rules for 'brazil' set to \l@english
(babel)             (\language0). Reported on input line 100.
Package babel Info: Making " an active character on input line 132.
)) (/usr/share/texmf-dist/tex/latex/enumitem/enumitem.sty
Package: enumitem 2025/02/06 v3.11 Customized lists
\labelindent=\skip195
\enit@outerparindent=\dimen256
\enit@toks=\toks25
\enit@inbox=\box58
\enit@count@id=\count353
\enitdp@description=\count354
)

******************************************************
Stock height and width: 845.04684pt by 597.50787pt
Top and edge trims: 0pt and 0pt
Page height and width: 845.04684pt by 597.50787pt
Text height and width: 708pt by 455pt
Spine and edge margins: 85.35826pt and 56.9055pt
Upper and lower margins: 85.35826pt and 51.68858pt
Headheight and headsep: 14.5pt and 19.8738pt
Footskip: 30pt
Columnsep and columnseprule: 10pt and 0pt
Marginparsep and marginparwidth: 7pt and 42.9055pt
Sidecapsep and sidecapwidth: 7pt and 92pt
Sidebarhsep and sidebarwidth: 7pt and 92pt
Sidebarvsep and sidebartopsep: 14.5pt and 0pt
Sidebarheight: 590.14995pt
Sidefoothsep and sidefootwidth: 7pt and 92pt
Sidefootvsep and sidefootheight: 14.5pt and 590.14995pt
******************************************************

\c@abntex@bookmarkcounter=\count355
\cftlastnumwidth=\skip196

Class memoir Warning: \settocpreprocessor is marked deprecated and will be
(memoir)              removed in 2026, the problem it tried to solve 
(memoir)              (see manual, section 9.2.3),
(memoir)              has been fixed in the kernel, and the feature is
(memoir)              no longer needed. on input line 483.

\chapternamenumlength=\skip197
\ABNTEXcitacaorecuo=\skip198
\c@alineasi=\count356
\c@alineasii=\count357
\enitdp@alineas=\count358
\c@subalineasi=\count359
\enitdp@subalineas=\count360
\c@incisosi=\count361
\enitdp@incisos=\count362
\ABNTEXsignwidth=\skip199
\ABNTEXsignthickness=\skip256
\ABNTEXsignskip=\skip257
) (/usr/share/texmf-dist/tex/latex/morewrites/morewrites.sty
(/usr/share/texmf-dist/tex/latex/morewrites/primargs.sty
Package: primargs 2024/02/02 Parsing arguments of primitives
)
Package: morewrites 2024/02/02 Always room for a new write
\g__morewrites_later_int=\count363
\l__morewrites_user_int=\count364
\g__morewrites_iow=\write4
\g__morewrites_ior=\read4
\g__morewrites_group_level_int=\count365
\g__morewrites_shipout_box=\box59
\l__morewrites_collect_next_int=\count366
\g__morewrites_alloc_write_int=\count367
)
(/usr/share/texmf-dist/tex/latex/cmap/cmap.sty
Package: cmap 2021/02/06 v1.0j CMap support: searchable PDF
)
(/usr/share/texmf-dist/tex/latex/lm/lmodern.sty
Package: lmodern 2015/05/01 v1.6.1 Latin Modern Fonts
LaTeX Font Info:    Overwriting symbol font `operators' in version `normal'
(Font)                  OT1/cmr/m/n --> OT1/lmr/m/n on input line 22.
LaTeX Font Info:    Overwriting symbol font `letters' in version `normal'
(Font)                  OML/cmm/m/it --> OML/lmm/m/it on input line 23.
LaTeX Font Info:    Overwriting symbol font `symbols' in version `normal'
(Font)                  OMS/cmsy/m/n --> OMS/lmsy/m/n on input line 24.
LaTeX Font Info:    Overwriting symbol font `largesymbols' in version `normal'
(Font)                  OMX/cmex/m/n --> OMX/lmex/m/n on input line 25.
LaTeX Font Info:    Overwriting symbol font `operators' in version `bold'
(Font)                  OT1/cmr/bx/n --> OT1/lmr/bx/n on input line 26.
LaTeX Font Info:    Overwriting symbol font `letters' in version `bold'
(Font)                  OML/cmm/b/it --> OML/lmm/b/it on input line 27.
LaTeX Font Info:    Overwriting symbol font `symbols' in version `bold'
(Font)                  OMS/cmsy/b/n --> OMS/lmsy/b/n on input line 28.
LaTeX Font Info:    Overwriting symbol font `largesymbols' in version `bold'
(Font)                  OMX/cmex/m/n --> OMX/lmex/m/n on input line 29.
LaTeX Font Info:    Overwriting math alphabet `\mathbf' in version `normal'
(Font)                  OT1/cmr/bx/n --> OT1/lmr/bx/n on input line 31.
LaTeX Font Info:    Overwriting math alphabet `\mathsf' in version `normal'
(Font)                  OT1/cmss/m/n --> OT1/lmss/m/n on input line 32.
LaTeX Font Info:    Overwriting math alphabet `\mathit' in version `normal'
(Font)                  OT1/cmr/m/it --> OT1/lmr/m/it on input line 33.
LaTeX Font Info:    Overwriting math alphabet `\mathtt' in version `normal'
(Font)                  OT1/cmtt/m/n --> OT1/lmtt/m/n on input line 34.
LaTeX Font Info:    Overwriting math alphabet `\mathbf' in version `bold'
(Font)                  OT1/cmr/bx/n --> OT1/lmr/bx/n on input line 35.
LaTeX Font Info:    Overwriting math alphabet `\mathsf' in version `bold'
(Font)                  OT1/cmss/bx/n --> OT1/lmss/bx/n on input line 36.
LaTeX Font Info:    Overwriting math alphabet `\mathit' in version `bold'
(Font)                  OT1/cmr/bx/it --> OT1/lmr/bx/it on input line 37.
LaTeX Font Info:    Overwriting math alphabet `\mathtt' in version `bold'
(Font)                  OT1/cmtt/m/n --> OT1/lmtt/m/n on input line 38.
)
(/usr/share/texmf-dist/tex/latex/lastpage/lastpage.sty
Package: lastpage 2025/08/14 v2.1h lastpage: 2.09 or 2e? (HMM)

(/usr/share/texmf-dist/tex/latex/lastpage/lastpage2e.sty
Package: lastpage2e 2025/08/14 v2.1h Decide which 2e lastpage version to use (H
MM)

(/usr/share/texmf-dist/tex/latex/lastpage/lastpagemodern.sty
Package: lastpagemodern 2025-08-14 v2.1h Refers to last page's name (HMM; JPG)
\c@lastpagecount=\count368
) 
)) (/usr/share/texmf-dist/tex/latex/tools/indentfirst.sty
Package: indentfirst 2023/07/02 v1.03 Indent first paragraph (DPC)
)
(/usr/share/texmf-dist/tex/latex/graphics/color.sty
Package: color 2025/01/14 v1.3e Standard LaTeX Color (DPC)

(/usr/share/texmf-dist/tex/latex/graphics-cfg/color.cfg
File: color.cfg 2016/01/02 v1.6 sample color configuration
)
Package color Info: Driver file: pdftex.def on input line 149.

(/usr/share/texmf-dist/tex/latex/graphics-def/pdftex.def
File: pdftex.def 2025/09/29 v1.2d Graphics/color driver for pdftex
)
(/usr/share/texmf-dist/tex/latex/graphics/mathcolor.ltx))
(/usr/share/texmf-dist/tex/latex/xcolor/xcolor.sty
Package: xcolor 2024/09/29 v3.02 LaTeX color extensions (UK)

(/usr/share/texmf-dist/tex/latex/graphics-cfg/color.cfg
File: color.cfg 2016/01/02 v1.6 sample color configuration
)
Package xcolor Info: Driver file: pdftex.def on input line 274.
LaTeX Info: Redefining \color on input line 762.

(/usr/share/texmf-dist/tex/latex/graphics/mathcolor.ltx)
Package xcolor Info: Model `cmy' substituted by `cmy0' on input line 1349.
Package xcolor Info: Model `hsb' substituted by `rgb' on input line 1353.
Package xcolor Info: Model `RGB' extended on input line 1365.
Package xcolor Info: Model `HTML' substituted by `rgb' on input line 1367.
Package xcolor Info: Model `Hsb' substituted by `hsb' on input line 1368.
Package xcolor Info: Model `tHsb' substituted by `hsb' on input line 1369.
Package xcolor Info: Model `HSB' substituted by `hsb' on input line 1370.
Package xcolor Info: Model `Gray' substituted by `gray' on input line 1371.
Package xcolor Info: Model `wave' substituted by `hsb' on input line 1372.
)
(/usr/share/texmf-dist/tex/latex/colortbl/colortbl.sty
Package: colortbl 2024/10/29 v1.0k Color table columns (DPC)
\everycr=\toks26
\minrowclearance=\skip258
\rownum=\count369
)
(/usr/share/texmf-dist/tex/latex/graphics/graphicx.sty
Package: graphicx 2024/12/31 v1.2e Enhanced LaTeX Graphics (DPC,SPQR)

(/usr/share/texmf-dist/tex/latex/graphics/graphics.sty
Package: graphics 2024/08/06 v1.4g Standard LaTeX Graphics (DPC,SPQR)

(/usr/share/texmf-dist/tex/latex/graphics/trig.sty
Package: trig 2023/12/02 v1.11 sin cos tan (DPC)
)
(/usr/share/texmf-dist/tex/latex/graphics-cfg/graphics.cfg
File: graphics.cfg 2016/06/04 v1.11 sample graphics configuration
)
Package graphics Info: Driver file: pdftex.def on input line 106.
)
\Gin@req@height=\dimen257
\Gin@req@width=\dimen258
)
(/usr/share/texmf-dist/tex/latex/caption/caption.sty
Package: caption 2023/08/05 v3.6o Customizing captions (AR)

(/usr/share/texmf-dist/tex/latex/caption/caption3.sty
Package: caption3 2023/07/31 v2.4d caption3 kernel (AR)
\caption@tempdima=\dimen259
\captionmargin=\dimen260
\caption@leftmargin=\dimen261
\caption@rightmargin=\dimen262
\caption@width=\dimen263
\caption@indent=\dimen264
\caption@parindent=\dimen265
\caption@hangindent=\dimen266
Package caption Info: memoir document class detected.

(/usr/share/texmf-dist/tex/latex/caption/caption-memoir.sto
File: caption-memoir.sto 2023/09/08 v2.2c Adaption of the caption package to th
e memoir document class (AR)
))
\c@caption@flags=\count370
\c@continuedfloat=\count371
Package caption Info: changepage package is loaded.
\caption@adjustwidth@hsize=\dimen267
\caption@adjustwidth@linewidth=\dimen268
Package caption Info: hyperref package is loaded.
)
(/usr/share/texmf-dist/tex/latex/caption/subcaption.sty
Package: subcaption 2023/07/28 v1.6b Sub-captions (AR)
Package caption Info: New subtype `subfigure' on input line 238.
\c@subfigure=\count372
Package caption Info: New subtype `subtable' on input line 238.
\c@subtable=\count373
)
(/usr/share/texmf-dist/tex/latex/microtype/microtype.sty
Package: microtype 2026/03/01 v3.2d Micro-typographical refinements (RS)
\MT@toks=\toks27
\MT@tempbox=\box60
\MT@count=\count374
LaTeX Info: Redefining \noprotrusionifhmode on input line 1084.
LaTeX Info: Redefining \leftprotrusion on input line 1085.
\MT@prot@toks=\toks28
LaTeX Info: Redefining \rightprotrusion on input line 1104.
LaTeX Info: Redefining \textls on input line 1449.
\MT@outer@kern=\dimen269
LaTeX Info: Redefining \microtypecontext on input line 2053.
LaTeX Info: Redefining \textmicrotypecontext on input line 2070.
\MT@listname@count=\count375

(/usr/share/texmf-dist/tex/latex/microtype/microtype-pdftex.def
File: microtype-pdftex.def 2026/03/01 v3.2d Definitions specific to pdftex (RS)

LaTeX Info: Redefining \lsstyle on input line 944.
LaTeX Info: Redefining \lslig on input line 944.
\MT@outer@space=\skip259
)
Package microtype Info: Loading configuration file microtype.cfg.

(/usr/share/texmf-dist/tex/latex/microtype/microtype.cfg
File: microtype.cfg 2026/03/01 v3.2d microtype main configuration file (RS)
)
LaTeX Info: Redefining \microtypesetup on input line 3065.
)
(/usr/share/texmf-dist/tex/latex/pdfpages/pdfpages.sty
Package: pdfpages 2025/07/23 v0.6g Insert pages of external PDF documents (AM)

(/usr/share/texmf-dist/tex/latex/eso-pic/eso-pic.sty
Package: eso-pic 2025/12/10 v3.0d eso-pic (RN)
\ESO@tempdima=\dimen270
\ESO@tempdimb=\dimen271
)
\AM@pagewidth=\dimen272
\AM@pageheight=\dimen273
\AM@fboxrule=\dimen274

(/usr/share/texmf-dist/tex/latex/pdfpages/pppdftex.def
File: pppdftex.def 2025/07/23 v0.6g Pdfpages driver for pdfTeX (AM)
)
\pdfpages@includegraphics@status=\count376
\AM@pagebox=\box61
\AM@global@opts=\toks29
\AM@pagecnt=\count377
\AM@toc@title=\toks30
\AM@lof@heading=\toks31
\c@AM@survey=\count378
\AM@templatesizebox=\box62
)
(/usr/share/texmf-dist/tex/latex/hyphenat/hyphenat.sty
Package: hyphenat 2009/09/02 v2.3c hyphenation utilities
\langwohyphens=\language4
LaTeX Info: Redefining \_ on input line 43.
)
(/usr/share/texmf-dist/tex/generic/xstring/xstring.sty
(/usr/share/texmf-dist/tex/generic/xstring/xstring.tex
\xs_counta=\count379
\xs_countb=\count380
)
Package: xstring 2023/08/22 v1.86 String manipulations (CT)
)
(/usr/share/texmf-dist/tex/latex/amscls/amsthm.sty
Package: amsthm 2020/05/29 v2.20.6
\thm@style=\toks32
\thm@bodyfont=\toks33
\thm@headfont=\toks34
\thm@notefont=\toks35
\thm@headpunct=\toks36
\thm@preskip=\skip260
\thm@postskip=\skip261
\thm@headsep=\skip262
\dth@everypar=\toks37
)
(/usr/share/texmf-dist/tex/latex/amsfonts/amsfonts.sty
Package: amsfonts 2013/01/14 v3.01 Basic AMSFonts support
\@emptytoks=\toks38
\symAMSa=\mathgroup4
\symAMSb=\mathgroup5
LaTeX Font Info:    Redeclaring math symbol \hbar on input line 98.
LaTeX Font Info:    Overwriting math alphabet `\mathfrak' in version `bold'
(Font)                  U/euf/m/n --> U/euf/b/n on input line 106.
)
(/usr/share/texmf-dist/tex/latex/amsmath/amsmath.sty
Package: amsmath 2025/07/09 v2.17z AMS math features
\@mathmargin=\skip263

For additional information on amsmath, use the `?' option.
(/usr/share/texmf-dist/tex/latex/amsmath/amstext.sty
Package: amstext 2024/11/17 v2.01 AMS text

(/usr/share/texmf-dist/tex/latex/amsmath/amsgen.sty
File: amsgen.sty 1999/11/30 v2.0 generic functions
\@emptytoks=\toks39
\ex@=\dimen275
))
(/usr/share/texmf-dist/tex/latex/amsmath/amsbsy.sty
Package: amsbsy 1999/11/29 v1.2d Bold Symbols
\pmbraise@=\dimen276
)
(/usr/share/texmf-dist/tex/latex/amsmath/amsopn.sty
Package: amsopn 2022/04/08 v2.04 operator names
)
\inf@bad=\count381
LaTeX Info: Redefining \frac on input line 233.
\uproot@=\count382
\leftroot@=\count383
LaTeX Info: Redefining \overline on input line 398.
LaTeX Info: Redefining \colon on input line 409.
\classnum@=\count384
\DOTSCASE@=\count385
LaTeX Info: Redefining \ldots on input line 495.
LaTeX Info: Redefining \dots on input line 498.
LaTeX Info: Redefining \cdots on input line 619.
\Mathstrutbox@=\box63
\strutbox@=\box64
LaTeX Info: Redefining \big on input line 721.
LaTeX Info: Redefining \Big on input line 722.
LaTeX Info: Redefining \bigg on input line 723.
LaTeX Info: Redefining \Bigg on input line 724.
\big@size=\dimen277
LaTeX Font Info:    Redeclaring font encoding OML on input line 742.
LaTeX Font Info:    Redeclaring font encoding OMS on input line 743.
\macc@depth=\count386
LaTeX Info: Redefining \bmod on input line 904.
LaTeX Info: Redefining \pmod on input line 909.
LaTeX Info: Redefining \smash on input line 939.
LaTeX Info: Redefining \relbar on input line 969.
LaTeX Info: Redefining \Relbar on input line 970.
\c@MaxMatrixCols=\count387
\dotsspace@=\muskip18
\c@parentequation=\count388
\dspbrk@lvl=\count389
\tag@help=\toks40
\row@=\count390
\column@=\count391
\maxfields@=\count392
\andhelp@=\toks41
\eqnshift@=\dimen278
\alignsep@=\dimen279
\tagshift@=\dimen280
\tagwidth@=\dimen281
\totwidth@=\dimen282
\lineht@=\dimen283
\@envbody=\toks42
\multlinegap=\skip264
\multlinetaggap=\skip265
\mathdisplay@stack=\toks43
LaTeX Info: Redefining \[ on input line 2950.
LaTeX Info: Redefining \] on input line 2951.
)
(/usr/share/texmf-dist/tex/latex/amsfonts/amssymb.sty
Package: amssymb 2013/01/14 v3.01 AMS font symbols
)
(/usr/share/texmf-dist/tex/latex/psnfss/mathptmx.sty
Package: mathptmx 2020/03/25 PSNFSS-v9.3 Times w/ Math, improved (SPQR, WaS) 
LaTeX Font Info:    Redeclaring symbol font `operators' on input line 28.
LaTeX Font Info:    Overwriting symbol font `operators' in version `normal'
(Font)                  OT1/lmr/m/n --> OT1/ztmcm/m/n on input line 28.
LaTeX Font Info:    Overwriting symbol font `operators' in version `bold'
(Font)                  OT1/lmr/bx/n --> OT1/ztmcm/m/n on input line 28.
LaTeX Font Info:    Redeclaring symbol font `letters' on input line 29.
LaTeX Font Info:    Overwriting symbol font `letters' in version `normal'
(Font)                  OML/lmm/m/it --> OML/ztmcm/m/it on input line 29.
LaTeX Font Info:    Overwriting symbol font `letters' in version `bold'
(Font)                  OML/lmm/b/it --> OML/ztmcm/m/it on input line 29.
LaTeX Font Info:    Redeclaring symbol font `symbols' on input line 30.
LaTeX Font Info:    Overwriting symbol font `symbols' in version `normal'
(Font)                  OMS/lmsy/m/n --> OMS/ztmcm/m/n on input line 30.
LaTeX Font Info:    Overwriting symbol font `symbols' in version `bold'
(Font)                  OMS/lmsy/b/n --> OMS/ztmcm/m/n on input line 30.
LaTeX Font Info:    Redeclaring symbol font `largesymbols' on input line 31.
LaTeX Font Info:    Overwriting symbol font `largesymbols' in version `normal'
(Font)                  OMX/lmex/m/n --> OMX/ztmcm/m/n on input line 31.
LaTeX Font Info:    Overwriting symbol font `largesymbols' in version `bold'
(Font)                  OMX/lmex/m/n --> OMX/ztmcm/m/n on input line 31.
\symbold=\mathgroup6
\symitalic=\mathgroup7
LaTeX Font Info:    Redeclaring math alphabet \mathbf on input line 34.
LaTeX Font Info:    Overwriting math alphabet `\mathbf' in version `normal'
(Font)                  OT1/lmr/bx/n --> OT1/ptm/bx/n on input line 34.
LaTeX Font Info:    Overwriting math alphabet `\mathbf' in version `bold'
(Font)                  OT1/lmr/bx/n --> OT1/ptm/bx/n on input line 34.
LaTeX Font Info:    Redeclaring math alphabet \mathit on input line 35.
LaTeX Font Info:    Overwriting math alphabet `\mathit' in version `normal'
(Font)                  OT1/lmr/m/it --> OT1/ptm/m/it on input line 35.
LaTeX Font Info:    Overwriting math alphabet `\mathit' in version `bold'
(Font)                  OT1/lmr/bx/it --> OT1/ptm/m/it on input line 35.
LaTeX Info: Redefining \hbar on input line 50.
)
(/usr/share/texmf-dist/tex/latex/listings/listings.sty
\lst@mode=\count393
\lst@gtempboxa=\box65
\lst@token=\toks44
\lst@length=\count394
\lst@currlwidth=\dimen284
\lst@column=\count395
\lst@pos=\count396
\lst@lostspace=\dimen285
\lst@width=\dimen286
\lst@newlines=\count397
\lst@lineno=\count398
\lst@maxwidth=\dimen287

(/usr/share/texmf-dist/tex/latex/listings/lstpatch.sty
File: lstpatch.sty 2025/11/14 1.11b (Carsten Heinz)
)
(/usr/share/texmf-dist/tex/latex/listings/lstmisc.sty
File: lstmisc.sty 2025/11/14 1.11b (Carsten Heinz)
\c@lstnumber=\count399
\lst@skipnumbers=\count400
\lst@framebox=\box66
)
(/usr/share/texmf-dist/tex/latex/listings/listings.cfg
File: listings.cfg 2025/11/14 1.11b listings configuration
))
Package: listings 2025/11/14 1.11b (Carsten Heinz)

==> First Aid for listings.sty no longer applied!
    Expected:
        2024/09/23 1.10c (Carsten Heinz)
    but found:
        2025/11/14 1.11b (Carsten Heinz)
    so I'm assuming it got fixed.
(/usr/share/texmf-dist/tex/latex/algorithms/algorithm.sty
Package: algorithm 2009/08/24 v0.1 Document Style `algorithm' - floating enviro
nment

(/usr/share/texmf-dist/tex/latex/float/float.sty
Package: float 2001/11/08 v1.3d Float enhancements (AL)
\c@float@type=\count401
\float@exts=\toks45
\float@box=\box67
\@float@everytoks=\toks46
\@floatcapt=\box68
)
\@float@every@algorithm=\toks47
\c@algorithm=\count402
)
(/usr/share/texmf-dist/tex/latex/algorithmicx/algpseudocode.sty
Package: algpseudocode 

(/usr/share/texmf-dist/tex/latex/algorithmicx/algorithmicx.sty
Package: algorithmicx 2005/04/27 v1.2 Algorithmicx

Document Style algorithmicx 1.2 - a greatly improved `algorithmic' style
\c@ALG@line=\count403
\c@ALG@rem=\count404
\c@ALG@nested=\count405
\ALG@tlm=\skip266
\ALG@thistlm=\skip267
\c@ALG@Lnr=\count406
\c@ALG@blocknr=\count407
\c@ALG@storecount=\count408
\c@ALG@tmpcounter=\count409
\ALG@tmplength=\skip268
)
Document Style - pseudocode environments for use with the `algorithmicx' style
) (/usr/share/texmf-dist/tex/latex/nomencl/nomencl.sty
Package: nomencl 2021/11/10 v5.6 Nomenclature package

(/usr/share/texmf-dist/tex/latex/xkeyval/xkeyval.sty
Package: xkeyval 2025/11/04 v2.10 package option processing (HA)

(/usr/share/texmf-dist/tex/generic/xkeyval/xkeyval.tex
(/usr/share/texmf-dist/tex/generic/xkeyval/xkvutils.tex
\XKV@toks=\toks48
\XKV@tempa@toks=\toks49
\XKV@tempb@toks=\toks50
)
\XKV@depth=\count410
File: xkeyval.tex 2014/12/03 v2.7a key=value parser (HA)
))
(/usr/share/texmf-dist/tex/latex/koma-script/tocbasic.sty
Package: tocbasic 2026/02/02 v3.49.2 KOMA-Script package (handling toc-files)

(/usr/share/texmf-dist/tex/latex/koma-script/scrbase.sty
Package: scrbase 2026/02/02 v3.49.2 KOMA-Script package (KOMA-Script-independen
t basics and keyval usage)

(/usr/share/texmf-dist/tex/latex/koma-script/scrlfile.sty
Package: scrlfile 2026/02/02 v3.49.2 KOMA-Script package (file load hooks)

(/usr/share/texmf-dist/tex/latex/koma-script/scrlfile-hook.sty
Package: scrlfile-hook 2026/02/02 v3.49.2 KOMA-Script package (using LaTeX hook
s)

(/usr/share/texmf-dist/tex/latex/koma-script/scrlogo.sty
Package: scrlogo 2026/02/02 v3.49.2 KOMA-Script package (logo)
)))
Applying: [2021/05/01] Usage of raw or classic option list on input line 254.
Already applied: [0000/00/00] Usage of raw or classic option list on input line
 370.
)
\scr@dte@tocline@numberwidth=\skip269
\scr@dte@tocline@numbox=\box69
)
Package tocbasic Info: setting babel extension for `nlo' on input line 187.
Package tocbasic Info: setting babel extension for `nls' on input line 188.
\nomlabelwidth=\dimen288
\nom@tempdim=\dimen289
\nomitemsep=\skip270
)
(/usr/share/texmf-dist/tex/latex/glossaries/base/glossaries.sty
Package: glossaries 2025/11/09 v4.9 (NLCT)

(/usr/share/texmf-dist/tex/latex/mfirstuc/mfirstuc.sty
Package: mfirstuc 2025/04/03 v2.09 (NLCT)
\@glsmfirst=\toks51
\@glsmrest=\toks52
)
(/usr/share/texmf-dist/tex/latex/xfor/xfor.sty
Package: xfor 2009/02/05 v1.05 (NLCT)
)
(/usr/share/texmf-dist/tex/latex/tracklang/tracklang.sty
Package: tracklang 2025/03/11 v1.6.6 (NLCT) Track Languages

(/usr/share/texmf-dist/tex/generic/tracklang/tracklang.tex)
Package tracklang Info: Tracking dialect `english' (language `english') on inpu
t line 264.
Package tracklang Info: Tracking dialect `brazil' (language `portuges') on inpu
t line 264.
Package tracklang Info: Tracking dialect `brazil' (language `portuges') on inpu
t line 264.
Package tracklang Info: Tracking dialect `english' (language `english') on inpu
t line 264.
)
(/usr/share/texmf-dist/tex/latex/glossaries-english/glossaries-english.ldf
File: glossaries-english.ldf 2014/11/23 v1.0
)
(/usr/share/texmf-dist/tex/latex/glossaries-portuges/glossaries-pt-BR.ldf
File: glossaries-pt-BR.ldf 2014/11/23 v1.0

(/usr/share/texmf-dist/tex/latex/glossaries-portuges/glossaries-portuges-utf8.l
df)) (/usr/share/texmf-dist/tex/latex/datatool/datatool-base.sty
Package: datatool-base 2025/12/04 v3.4.3 (NLCT)
\l__datatool_tmpa_int=\count411
\l__datatool_tmpb_int=\count412
\l__datatool_tmpc_int=\count413
\l__datatool_tmpd_int=\count414
\l__datatool_count_int=\count415
\l__datatool_tmp_datatype_int=\count416
\l__datatool_tmpa_dim=\dimen290
\l__datatool_tmpb_dim=\dimen291

(/usr/share/texmf-dist/tex/latex/datatool/datatool-l3fp.def
File: datatool-l3fp.def 2025/12/04 v3.4.3 (NLCT)
)
\@dtl@toks=\toks53
\@dtl@tmpcount=\count417
\dtl@tmplength=\skip271
\l__datatool_measure_box=\box70
\dtl@sortresult=\count418

(/usr/share/texmf-dist/tex/latex/datatool/datatool-utf8.ldf
File: datatool-utf8.ldf 2025/12/04 v3.4.3 (NLCT)
)
\@dtl@datatype=\count419
\c_datatool_unknown_int=\count420
\l__datatool_year_int=\count421
\l__datatool_month_int=\count422
\l__datatool_day_int=\count423
\l__datatool_hour_int=\count424
\l__datatool_minute_int=\count425
\l__datatool_second_int=\count426
\l__datatool_tzhour_int=\count427
\l__datatool_tzminute_int=\count428
\l__datatool_julian_int=\count429
\l__datatool_local_julian_int=\count430
\l__datatool_prefix_int=\count431
\l__datatool_suffix_int=\count432
\@dtl@foreach@level=\count433

(/usr/share/texmf-dist/tex/latex/datatool-english/datatool-english.ldf
File: datatool-english.ldf 2025/03/12 v1.1 (NLCT)

(/usr/share/texmf-dist/tex/latex/datatool-english/datatool-english-utf8.ldf
File: datatool-english-utf8.ldf 2025/03/12 v1.1 (NLCT)
))

Package tracklang Warning: No `datatool' support for dialect `brazil'  on input
 line 9924.


Package tracklang Warning: No `datatool' support for dialect `brazil'  on input
 line 9924.

\dtl@codeA=\count434
\dtl@codeB=\count435
)
\gls@level=\count436
\@gls@tmpb=\toks54
\gls@tmplen=\skip272
\l__glossaries_tmpa_dim=\dimen292
\l__glossaries_tmpb_dim=\dimen293
\glskeylisttok=\toks55
\glslabeltok=\toks56
\glsshorttok=\toks57
\glslongtok=\toks58
 (/usr/share/texmf-dist/tex/latex/glossaries/styles/glossary-hypernav.sty
Package: glossary-hypernav 2025/11/09 v4.9 (NLCT)
)
(/usr/share/texmf-dist/tex/latex/glossaries/styles/glossary-list.sty
Package: glossary-list 2025/11/09 v4.9 (NLCT)
\glslistdottedwidth=\skip273
)
(/usr/share/texmf-dist/tex/latex/glossaries/styles/glossary-long.sty
Package: glossary-long 2025/11/09 v4.9 (NLCT)

(/usr/share/texmf-dist/tex/latex/tools/longtable.sty
Package: longtable 2025-10-13 v4.24 Multi-page Table package (DPC)
\LTleft=\skip274
\LTright=\skip275
\LTpre=\skip276
\LTpost=\skip277
\LTchunksize=\count437
\LTcapwidth=\dimen294
\LT@head=\box71
\LT@firsthead=\box72
\LT@foot=\box73
\LT@lastfoot=\box74
\LT@gbox=\box75
\LT@cols=\count438
\LT@rows=\count439
\c@LT@tables=\count440
\c@LT@chunks=\count441
\LT@p@ftn=\toks59
)
\glsdescwidth=\skip278
\glspagelistwidth=\skip279
)
(/usr/share/texmf-dist/tex/latex/glossaries/styles/glossary-super.sty
Package: glossary-super 2025/11/09 v4.9 (NLCT)

(/usr/share/texmf-dist/tex/latex/supertabular/supertabular.sty
Package: supertabular 2025/06/26 v4.2d the supertabular environment
\c@tracingst=\count442
\ST@wd=\dimen295
\ST@rightskip=\skip280
\ST@leftskip=\skip281
\ST@parfillskip=\skip282
\ST@pageleft=\dimen296
\ST@headht=\dimen297
\ST@tailht=\dimen298
\ST@pagesofar=\dimen299
\ST@pboxht=\dimen300
\ST@rowht=\dimen301
\ST@prevht=\dimen302
\ST@toadd=\dimen303
\ST@dimen=\dimen304
\ST@pbox=\box76
))
(/usr/share/texmf-dist/tex/latex/glossaries/styles/glossary-tree.sty
Package: glossary-tree 2025/11/09 v4.9 (NLCT)
\l__glossaries_tree_max_known_level_int=\count443
\l__glossaries_tree_offset_dim=\dimen305
\l__glossaries_tree_namewidth_dim=\dimen306
\l__glossaries_tree_symbolwidth_dim=\dimen307
\l__glossaries_tree_prenamesym_width_dim=\dimen308
\l__glossaries_tree_presubnamesym_width_dim=\dimen309
\l__glossaries_tree_namewidth_padding_dim=\dimen310
\l__glossaries_tree_symbolwidth_padding_dim=\dimen311
\l__glossaries_tree_namesymbolwidth_dim=\dimen312
\l__glossaries_tree_namesymbolwidth_padding_dim=\dimen313
\l__glossaries_tree_level_int=\count444
\glstreeindent=\skip283
))
(/usr/share/texmf-dist/tex/latex/hyperref/backref.sty
Package: backref 2025-06-21 v1.45 Bibliographical back referencing
)
(/usr/share/texmf-dist/tex/latex/abntex2/abntex2cite.sty
Package: abntex2cite 2018/11/24 v-1.9.7 abnTeX2

(/usr/share/texmf-dist/tex/latex/abntex2/abntex2abrev.sty)
\minimumbiblabelwidth=\skip284
\ABCIauxlen=\skip285
\c@ABCIaux=\count445
\c@ABCImax=\count446

(/usr/share/texmf-dist/tex/generic/iftex/ifpdf.sty
Package: ifpdf 2019/10/25 v3.4 ifpdf legacy package. Use iftex instead.
)
(/usr/share/texmf-dist/tex/latex/relsize/relsize.sty
Package: relsize 2013/03/29 ver 4.1
)
\biblabelsep=\skip286
LaTeX Info: Redefining \newblock on input line 591.
LaTeX Info: Redefining \cite on input line 618.
\ABCItoken=\toks60
)
(/usr/share/texmf-dist/tex/latex/environ/environ.sty
Package: environ 2014/05/04 v0.3 A new way to define environments

(/usr/share/texmf-dist/tex/latex/trimspaces/trimspaces.sty
Package: trimspaces 2009/09/17 v1.1 Trim spaces around a token list
))
(/usr/share/texmf-dist/tex/latex/textpos/textpos.sty
Package: textpos 2022/07/23 v1.10.1
Package textpos Info: choosing support for LaTeX3 on input line 60.
\TP@textbox=\box77
\TP@holdbox=\box78
\TPHorizModule=\dimen314
\TPVertModule=\dimen315
\TP@margin=\dimen316
\TP@absmargin=\dimen317

Grid set 16 x 16 = 37.34424pt x 52.81541pt
\TPboxrulesize=\dimen318
\TP@ox=\dimen319
\TP@oy=\dimen320
\TP@tbargs=\toks61
TextBlockOrigin set to 0pt x 0pt
) (/usr/share/texmf-dist/tex/latex/adjustbox/adjustbox.sty
Package: adjustbox 2025/02/26 v1.3c Adjusting TeX boxes (trim, clip, ...)

(/usr/share/texmf-dist/tex/latex/adjustbox/adjcalc.sty
Package: adjcalc 2012/05/16 v1.1 Provides advanced setlength with multiple back
-ends (calc, etex, pgfmath)
)
(/usr/share/texmf-dist/tex/latex/adjustbox/trimclip.sty
Package: trimclip 2025/02/21 v1.2a Trim and clip general TeX material

(/usr/share/texmf-dist/tex/latex/collectbox/collectbox.sty
Package: collectbox 2022/10/17 v0.4c Collect macro arguments as boxes
\collectedbox=\box79
)
\tc@llx=\dimen321
\tc@lly=\dimen322
\tc@urx=\dimen323
\tc@ury=\dimen324
Package trimclip Info: Using driver 'tc-pdftex.def'.

(/usr/share/texmf-dist/tex/latex/adjustbox/tc-pdftex.def
File: tc-pdftex.def 2025/02/26 v2.3 Clipping driver for pdftex
))
\adjbox@Width=\dimen325
\adjbox@Height=\dimen326
\adjbox@Depth=\dimen327
\adjbox@Totalheight=\dimen328
\adjbox@pwidth=\dimen329
\adjbox@pheight=\dimen330
\adjbox@pdepth=\dimen331
\adjbox@ptotalheight=\dimen332

(/usr/share/texmf-dist/tex/latex/ifoddpage/ifoddpage.sty
Package: ifoddpage 2022/10/18 v1.2 Conditionals for odd/even page detection
\c@checkoddpage=\count447
LaTeX Info: Redefining \checkoddpage on input line 45.
)
(/usr/share/texmf-dist/tex/latex/varwidth/varwidth.sty
Package: varwidth 2009/03/30 ver 0.92;  Variable-width minipages
\@vwid@box=\box80
\sift@deathcycles=\count448
\@vwid@loff=\dimen333
\@vwid@roff=\dimen334
)
==> First Aid for varwidth.sty applied!
) (/usr/share/texmf-dist/tex/latex/tcolorbox/tcolorbox.sty
Package: tcolorbox 2025/11/28 version 6.9.0 text color boxes

(/usr/share/texmf-dist/tex/latex/pgf/frontendlayer/tikz.sty
(/usr/share/texmf-dist/tex/latex/pgf/basiclayer/pgf.sty
(/usr/share/texmf-dist/tex/latex/pgf/utilities/pgfrcs.sty
(/usr/share/texmf-dist/tex/generic/pgf/utilities/pgfutil-common.tex
\pgfutil@everybye=\toks62
\pgfutil@tempdima=\dimen335
\pgfutil@tempdimb=\dimen336
)
(/usr/share/texmf-dist/tex/generic/pgf/utilities/pgfutil-latex.def
\pgfutil@abb=\box81
)
(/usr/share/texmf-dist/tex/generic/pgf/utilities/pgfrcs.code.tex
(/usr/share/texmf-dist/tex/generic/pgf/pgf.revision.tex)
Package: pgfrcs 2025-08-29 v3.1.11a (3.1.11a)
))
Package: pgf 2025-08-29 v3.1.11a (3.1.11a)

(/usr/share/texmf-dist/tex/latex/pgf/basiclayer/pgfcore.sty
(/usr/share/texmf-dist/tex/latex/pgf/systemlayer/pgfsys.sty
(/usr/share/texmf-dist/tex/generic/pgf/systemlayer/pgfsys.code.tex
Package: pgfsys 2025-08-29 v3.1.11a (3.1.11a)

(/usr/share/texmf-dist/tex/generic/pgf/utilities/pgfkeys.code.tex
\pgfkeys@pathtoks=\toks63
\pgfkeys@temptoks=\toks64

(/usr/share/texmf-dist/tex/generic/pgf/utilities/pgfkeyslibraryfiltered.code.te
x
\pgfkeys@tmptoks=\toks65
))
\pgf@x=\dimen337
\pgf@y=\dimen338
\pgf@xa=\dimen339
\pgf@ya=\dimen340
\pgf@xb=\dimen341
\pgf@yb=\dimen342
\pgf@xc=\dimen343
\pgf@yc=\dimen344
\pgf@xd=\dimen345
\pgf@yd=\dimen346
\w@pgf@writea=\write129
\r@pgf@reada=\read5
\c@pgf@counta=\count449
\c@pgf@countb=\count450
\c@pgf@countc=\count451
\c@pgf@countd=\count452
\t@pgf@toka=\toks66
\t@pgf@tokb=\toks67
\t@pgf@tokc=\toks68
\pgf@sys@id@count=\count453
 (/usr/share/texmf-dist/tex/generic/pgf/systemlayer/pgf.cfg
File: pgf.cfg 2025-08-29 v3.1.11a (3.1.11a)
)
Driver file for pgf: pgfsys-pdftex.def

(/usr/share/texmf-dist/tex/generic/pgf/systemlayer/pgfsys-pdftex.def
File: pgfsys-pdftex.def 2025-08-29 v3.1.11a (3.1.11a)

(/usr/share/texmf-dist/tex/generic/pgf/systemlayer/pgfsys-common-pdf.def
File: pgfsys-common-pdf.def 2025-08-29 v3.1.11a (3.1.11a)
)))
(/usr/share/texmf-dist/tex/generic/pgf/systemlayer/pgfsyssoftpath.code.tex
File: pgfsyssoftpath.code.tex 2025-08-29 v3.1.11a (3.1.11a)
\pgfsyssoftpath@smallbuffer@items=\count454
\pgfsyssoftpath@bigbuffer@items=\count455
)
(/usr/share/texmf-dist/tex/generic/pgf/systemlayer/pgfsysprotocol.code.tex
File: pgfsysprotocol.code.tex 2025-08-29 v3.1.11a (3.1.11a)
))
(/usr/share/texmf-dist/tex/generic/pgf/basiclayer/pgfcore.code.tex
Package: pgfcore 2025-08-29 v3.1.11a (3.1.11a)

(/usr/share/texmf-dist/tex/generic/pgf/math/pgfmath.code.tex
(/usr/share/texmf-dist/tex/generic/pgf/math/pgfmathutil.code.tex)
(/usr/share/texmf-dist/tex/generic/pgf/math/pgfmathparser.code.tex
\pgfmath@dimen=\dimen347
\pgfmath@count=\count456
\pgfmath@box=\box82
\pgfmath@toks=\toks69
\pgfmath@stack@operand=\toks70
\pgfmath@stack@operation=\toks71
)
(/usr/share/texmf-dist/tex/generic/pgf/math/pgfmathfunctions.code.tex)
(/usr/share/texmf-dist/tex/generic/pgf/math/pgfmathfunctions.basic.code.tex)
(/usr/share/texmf-dist/tex/generic/pgf/math/pgfmathfunctions.trigonometric.code
.tex)
(/usr/share/texmf-dist/tex/generic/pgf/math/pgfmathfunctions.random.code.tex)
(/usr/share/texmf-dist/tex/generic/pgf/math/pgfmathfunctions.comparison.code.te
x) (/usr/share/texmf-dist/tex/generic/pgf/math/pgfmathfunctions.base.code.tex)
(/usr/share/texmf-dist/tex/generic/pgf/math/pgfmathfunctions.round.code.tex)
(/usr/share/texmf-dist/tex/generic/pgf/math/pgfmathfunctions.misc.code.tex)
(/usr/share/texmf-dist/tex/generic/pgf/math/pgfmathfunctions.integerarithmetics
.code.tex) (/usr/share/texmf-dist/tex/generic/pgf/math/pgfmathcalc.code.tex)
(/usr/share/texmf-dist/tex/generic/pgf/math/pgfmathfloat.code.tex
\c@pgfmathroundto@lastzeros=\count457
))
(/usr/share/texmf-dist/tex/generic/pgf/math/pgfint.code.tex)
(/usr/share/texmf-dist/tex/generic/pgf/basiclayer/pgfcorepoints.code.tex
File: pgfcorepoints.code.tex 2025-08-29 v3.1.11a (3.1.11a)
\pgf@picminx=\dimen348
\pgf@picmaxx=\dimen349
\pgf@picminy=\dimen350
\pgf@picmaxy=\dimen351
\pgf@pathminx=\dimen352
\pgf@pathmaxx=\dimen353
\pgf@pathminy=\dimen354
\pgf@pathmaxy=\dimen355
\pgf@xx=\dimen356
\pgf@xy=\dimen357
\pgf@yx=\dimen358
\pgf@yy=\dimen359
\pgf@zx=\dimen360
\pgf@zy=\dimen361
)
(/usr/share/texmf-dist/tex/generic/pgf/basiclayer/pgfcorepathconstruct.code.tex
File: pgfcorepathconstruct.code.tex 2025-08-29 v3.1.11a (3.1.11a)
\pgf@path@lastx=\dimen362
\pgf@path@lasty=\dimen363
) (/usr/share/texmf-dist/tex/generic/pgf/basiclayer/pgfcorepathusage.code.tex
File: pgfcorepathusage.code.tex 2025-08-29 v3.1.11a (3.1.11a)
\pgf@shorten@end@additional=\dimen364
\pgf@shorten@start@additional=\dimen365
)
(/usr/share/texmf-dist/tex/generic/pgf/basiclayer/pgfcorescopes.code.tex
File: pgfcorescopes.code.tex 2025-08-29 v3.1.11a (3.1.11a)
\pgfpic=\box83
\pgf@hbox=\box84
\pgf@layerbox@main=\box85
\pgf@picture@serial@count=\count458
)
(/usr/share/texmf-dist/tex/generic/pgf/basiclayer/pgfcoregraphicstate.code.tex
File: pgfcoregraphicstate.code.tex 2025-08-29 v3.1.11a (3.1.11a)
\pgflinewidth=\dimen366
)
(/usr/share/texmf-dist/tex/generic/pgf/basiclayer/pgfcoretransformations.code.t
ex
File: pgfcoretransformations.code.tex 2025-08-29 v3.1.11a (3.1.11a)
\pgf@pt@x=\dimen367
\pgf@pt@y=\dimen368
\pgf@pt@temp=\dimen369
) (/usr/share/texmf-dist/tex/generic/pgf/basiclayer/pgfcorequick.code.tex
File: pgfcorequick.code.tex 2025-08-29 v3.1.11a (3.1.11a)
)
(/usr/share/texmf-dist/tex/generic/pgf/basiclayer/pgfcoreobjects.code.tex
File: pgfcoreobjects.code.tex 2025-08-29 v3.1.11a (3.1.11a)
)
(/usr/share/texmf-dist/tex/generic/pgf/basiclayer/pgfcorepathprocessing.code.te
x
File: pgfcorepathprocessing.code.tex 2025-08-29 v3.1.11a (3.1.11a)
) (/usr/share/texmf-dist/tex/generic/pgf/basiclayer/pgfcorearrows.code.tex
File: pgfcorearrows.code.tex 2025-08-29 v3.1.11a (3.1.11a)
\pgfarrowsep=\dimen370
)
(/usr/share/texmf-dist/tex/generic/pgf/basiclayer/pgfcoreshade.code.tex
File: pgfcoreshade.code.tex 2025-08-29 v3.1.11a (3.1.11a)
\pgf@max=\dimen371
\pgf@sys@shading@range@num=\count459
\pgf@shadingcount=\count460
)
(/usr/share/texmf-dist/tex/generic/pgf/basiclayer/pgfcoreimage.code.tex
File: pgfcoreimage.code.tex 2025-08-29 v3.1.11a (3.1.11a)
)
(/usr/share/texmf-dist/tex/generic/pgf/basiclayer/pgfcoreexternal.code.tex
File: pgfcoreexternal.code.tex 2025-08-29 v3.1.11a (3.1.11a)
\pgfexternal@startupbox=\box86
)
(/usr/share/texmf-dist/tex/generic/pgf/basiclayer/pgfcorelayers.code.tex
File: pgfcorelayers.code.tex 2025-08-29 v3.1.11a (3.1.11a)
)
(/usr/share/texmf-dist/tex/generic/pgf/basiclayer/pgfcoretransparency.code.tex
File: pgfcoretransparency.code.tex 2025-08-29 v3.1.11a (3.1.11a)
) (/usr/share/texmf-dist/tex/generic/pgf/basiclayer/pgfcorepatterns.code.tex
File: pgfcorepatterns.code.tex 2025-08-29 v3.1.11a (3.1.11a)
)
(/usr/share/texmf-dist/tex/generic/pgf/basiclayer/pgfcorerdf.code.tex
File: pgfcorerdf.code.tex 2025-08-29 v3.1.11a (3.1.11a)
)))
(/usr/share/texmf-dist/tex/generic/pgf/modules/pgfmoduleshapes.code.tex
File: pgfmoduleshapes.code.tex 2025-08-29 v3.1.11a (3.1.11a)
\pgfnodeparttextbox=\box87
)
(/usr/share/texmf-dist/tex/generic/pgf/modules/pgfmoduleplot.code.tex
File: pgfmoduleplot.code.tex 2025-08-29 v3.1.11a (3.1.11a)
)
(/usr/share/texmf-dist/tex/latex/pgf/compatibility/pgfcomp-version-0-65.sty
Package: pgfcomp-version-0-65 2025-08-29 v3.1.11a (3.1.11a)
\pgf@nodesepstart=\dimen372
\pgf@nodesepend=\dimen373
)
(/usr/share/texmf-dist/tex/latex/pgf/compatibility/pgfcomp-version-1-18.sty
Package: pgfcomp-version-1-18 2025-08-29 v3.1.11a (3.1.11a)
))
(/usr/share/texmf-dist/tex/latex/pgf/utilities/pgffor.sty
(/usr/share/texmf-dist/tex/latex/pgf/utilities/pgfkeys.sty
(/usr/share/texmf-dist/tex/generic/pgf/utilities/pgfkeys.code.tex))
(/usr/share/texmf-dist/tex/latex/pgf/math/pgfmath.sty
(/usr/share/texmf-dist/tex/generic/pgf/math/pgfmath.code.tex))
(/usr/share/texmf-dist/tex/generic/pgf/utilities/pgffor.code.tex
Package: pgffor 2025-08-29 v3.1.11a (3.1.11a)
\pgffor@iter=\dimen374
\pgffor@skip=\dimen375
\pgffor@stack=\toks72
\pgffor@toks=\toks73
))
(/usr/share/texmf-dist/tex/generic/pgf/frontendlayer/tikz/tikz.code.tex
Package: tikz 2025-08-29 v3.1.11a (3.1.11a)

(/usr/share/texmf-dist/tex/generic/pgf/libraries/pgflibraryplothandlers.code.te
x
File: pgflibraryplothandlers.code.tex 2025-08-29 v3.1.11a (3.1.11a)
\pgf@plot@mark@count=\count461
\pgfplotmarksize=\dimen376
)
\tikz@lastx=\dimen377
\tikz@lasty=\dimen378
\tikz@lastxsaved=\dimen379
\tikz@lastysaved=\dimen380
\tikz@lastmovetox=\dimen381
\tikz@lastmovetoy=\dimen382
\tikzleveldistance=\dimen383
\tikzsiblingdistance=\dimen384
\tikz@figbox=\box88
\tikz@figbox@bg=\box89
\tikz@tempbox=\box90
\tikz@tempbox@bg=\box91
\tikztreelevel=\count462
\tikznumberofchildren=\count463
\tikznumberofcurrentchild=\count464
\tikz@fig@count=\count465
 (/usr/share/texmf-dist/tex/generic/pgf/modules/pgfmodulematrix.code.tex
File: pgfmodulematrix.code.tex 2025-08-29 v3.1.11a (3.1.11a)
\pgfmatrixcurrentrow=\count466
\pgfmatrixcurrentcolumn=\count467
\pgf@matrix@numberofcolumns=\count468
)
\tikz@expandcount=\count469

(/usr/share/texmf-dist/tex/generic/pgf/frontendlayer/tikz/libraries/tikzlibrary
topaths.code.tex
File: tikzlibrarytopaths.code.tex 2025-08-29 v3.1.11a (3.1.11a)
)))
\tcb@titlebox=\box92
\tcb@upperbox=\box93
\tcb@lowerbox=\box94
\tcb@phantombox=\box95
\c@tcbbreakpart=\count470
\c@tcblayer=\count471
\c@tcolorbox@number=\count472
\l__tcobox_tmpa_box=\box96
\l__tcobox_tmpa_dim=\dimen385
\tcb@temp=\box97
\tcb@temp=\box98
\tcb@temp=\box99
\tcb@temp=\box100
) (/usr/share/texmf-dist/tex/latex/mathtools/mathtools.sty
Package: mathtools 2024/10/04 v1.31 mathematical typesetting tools

(/usr/share/texmf-dist/tex/latex/mathtools/mhsetup.sty
Package: mhsetup 2021/03/18 v1.4 programming setup (MH)
)
\g_MT_multlinerow_int=\count473
\l_MT_multwidth_dim=\dimen386
\origjot=\skip287
\l_MT_shortvdotswithinadjustabove_dim=\dimen387
\l_MT_shortvdotswithinadjustbelow_dim=\dimen388
\l_MT_above_intertext_sep=\dimen389
\l_MT_below_intertext_sep=\dimen390
\l_MT_above_shortintertext_sep=\dimen391
\l_MT_below_shortintertext_sep=\dimen392
\xmathstrut@box=\box101
\xmathstrut@dim=\dimen393
)
(/usr/share/texmf-dist/tex/latex/newtx/newtxmath.sty
Package: newtxmath 2024/09/22 v1.754

`newtxmath' v1.754, 2024/09/22 Math macros based originally on txfonts (msharpe
) (/usr/share/texmf-dist/tex/latex/oberdiek/centernot.sty
Package: centernot 2016/05/16 v1.4 Centers the not symbol horizontally (HO)
)
\tx@cntz=\count474

(/usr/share/texmf-dist/tex/generic/kastrup/binhex.tex)
\tx@Isdigit=\count475
\tx@IsAlNum=\count476
\tx@tA=\toks74
\tx@tB=\toks75
\tx@su=\read6

amsthm NOT loaded
LaTeX Font Info:    Redeclaring symbol font `operators' on input line 402.
LaTeX Font Info:    Overwriting symbol font `operators' in version `normal'
(Font)                  OT1/ztmcm/m/n --> OT1/minntx/m/n on input line 402.
LaTeX Font Info:    Overwriting symbol font `operators' in version `bold'
(Font)                  OT1/ztmcm/m/n --> OT1/minntx/m/n on input line 402.
LaTeX Font Info:    Overwriting symbol font `operators' in version `bold'
(Font)                  OT1/minntx/m/n --> OT1/minntx/b/n on input line 403.
LaTeX Font Info:    Redeclaring math alphabet \mathsf on input line 410.
LaTeX Font Info:    Overwriting math alphabet `\mathsf' in version `normal'
(Font)                  OT1/lmss/m/n --> OT1/lmss/m/n on input line 410.
LaTeX Font Info:    Overwriting math alphabet `\mathsf' in version `bold'
(Font)                  OT1/lmss/bx/n --> OT1/lmss/m/n on input line 410.
LaTeX Font Info:    Overwriting math alphabet `\mathsf' in version `bold'
(Font)                  OT1/lmss/m/n --> OT1/lmss/b/n on input line 412.
LaTeX Font Info:    Redeclaring math alphabet \mathit on input line 419.
LaTeX Font Info:    Overwriting math alphabet `\mathit' in version `normal'
(Font)                  OT1/ptm/m/it --> OT1/minntx/m/it on input line 419.
LaTeX Font Info:    Overwriting math alphabet `\mathit' in version `bold'
(Font)                  OT1/ptm/m/it --> OT1/minntx/m/it on input line 419.
LaTeX Font Info:    Redeclaring math alphabet \mathtt on input line 420.
LaTeX Font Info:    Overwriting math alphabet `\mathtt' in version `normal'
(Font)                  OT1/lmtt/m/n --> OT1/lmtt/m/n on input line 420.
LaTeX Font Info:    Overwriting math alphabet `\mathtt' in version `bold'
(Font)                  OT1/lmtt/m/n --> OT1/lmtt/m/n on input line 420.
LaTeX Font Info:    Redeclaring math alphabet \mathbf on input line 422.
LaTeX Font Info:    Overwriting math alphabet `\mathbf' in version `normal'
(Font)                  OT1/ptm/bx/n --> OT1/minntx/b/n on input line 422.
LaTeX Font Info:    Overwriting math alphabet `\mathbf' in version `bold'
(Font)                  OT1/ptm/bx/n --> OT1/minntx/b/n on input line 422.
LaTeX Font Info:    Overwriting math alphabet `\mathit' in version `bold'
(Font)                  OT1/minntx/m/it --> OT1/minntx/b/it on input line 423.
LaTeX Font Info:    Overwriting math alphabet `\mathtt' in version `bold'
(Font)                  OT1/lmtt/m/n --> OT1/lmtt/b/n on input line 426.
LaTeX Font Info:    Redeclaring symbol font `letters' on input line 534.
LaTeX Font Info:    Overwriting symbol font `letters' in version `normal'
(Font)                  OML/ztmcm/m/it --> OML/ntxmi/m/it on input line 534.
LaTeX Font Info:    Overwriting symbol font `letters' in version `bold'
(Font)                  OML/ztmcm/m/it --> OML/ntxmi/m/it on input line 534.
LaTeX Font Info:    Overwriting symbol font `letters' in version `bold'
(Font)                  OML/ntxmi/m/it --> OML/ntxmi/b/it on input line 535.
\symlettersA=\mathgroup8
LaTeX Font Info:    Overwriting symbol font `lettersA' in version `bold'
(Font)                  U/ntxmia/m/it --> U/ntxmia/b/it on input line 582.
LaTeX Font Info:    Redeclaring math alphabet \mathfrak on input line 584.
Now handling font encoding LMS ...
... no UTF-8 mapping file for font encoding LMS
LaTeX Font Info:    Redeclaring symbol font `symbols' on input line 604.
LaTeX Font Info:    Encoding `OMS' has changed to `LMS' for symbol font
(Font)              `symbols' in the math version `normal' on input line 604.
LaTeX Font Info:    Overwriting symbol font `symbols' in version `normal'
(Font)                  OMS/ztmcm/m/n --> LMS/ntxsy/m/n on input line 604.
LaTeX Font Info:    Encoding `OMS' has changed to `LMS' for symbol font
(Font)              `symbols' in the math version `bold' on input line 604.
LaTeX Font Info:    Overwriting symbol font `symbols' in version `bold'
(Font)                  OMS/ztmcm/m/n --> LMS/ntxsy/m/n on input line 604.
LaTeX Font Info:    Overwriting symbol font `symbols' in version `bold'
(Font)                  LMS/ntxsy/m/n --> LMS/ntxsy/b/n on input line 605.
\symAMSm=\mathgroup9
LaTeX Font Info:    Overwriting symbol font `AMSm' in version `bold'
(Font)                  U/ntxsym/m/n --> U/ntxsym/b/n on input line 630.
\symsymbolsC=\mathgroup10
LaTeX Font Info:    Overwriting symbol font `symbolsC' in version `bold'
(Font)                  U/ntxsyc/m/n --> U/ntxsyc/b/n on input line 651.
Now handling font encoding LMX ...
... no UTF-8 mapping file for font encoding LMX
LaTeX Font Info:    Redeclaring symbol font `largesymbols' on input line 664.
LaTeX Font Info:    Encoding `OMX' has changed to `LMX' for symbol font
(Font)              `largesymbols' in the math version `normal' on input line 6
64.
LaTeX Font Info:    Overwriting symbol font `largesymbols' in version `normal'
(Font)                  OMX/ztmcm/m/n --> LMX/ntxexx/m/n on input line 664.
LaTeX Font Info:    Encoding `OMX' has changed to `LMX' for symbol font
(Font)              `largesymbols' in the math version `bold' on input line 664
.
LaTeX Font Info:    Overwriting symbol font `largesymbols' in version `bold'
(Font)                  OMX/ztmcm/m/n --> LMX/ntxexx/m/n on input line 664.
LaTeX Font Info:    Overwriting symbol font `largesymbols' in version `bold'
(Font)                  LMX/ntxexx/m/n --> LMX/ntxexx/b/n on input line 665.
\symlargesymbolsTXA=\mathgroup11
LaTeX Font Info:    Overwriting symbol font `largesymbolsTXA' in version `bold'

(Font)                  U/ntxexa/m/n --> U/ntxexa/b/n on input line 679.
\tx@sbptoks=\toks76
LaTeX Font Info:    Redeclaring math delimiter \lfloor on input line 902.
LaTeX Font Info:    Redeclaring math delimiter \rfloor on input line 903.
LaTeX Font Info:    Redeclaring math delimiter \lceil on input line 904.
LaTeX Font Info:    Redeclaring math delimiter \rceil on input line 905.
LaTeX Font Info:    Redeclaring math delimiter \lbrace on input line 910.
LaTeX Font Info:    Redeclaring math delimiter \rbrace on input line 911.
LaTeX Font Info:    Redeclaring math delimiter \langle on input line 913.
LaTeX Font Info:    Redeclaring math delimiter \rangle on input line 915.
LaTeX Font Info:    Redeclaring math delimiter \arrowvert on input line 919.
LaTeX Font Info:    Redeclaring math delimiter \vert on input line 920.
LaTeX Font Info:    Redeclaring math accent \dot on input line 991.
LaTeX Font Info:    Redeclaring math accent \ddot on input line 992.
LaTeX Font Info:    Redeclaring math accent \vec on input line 2057.
LaTeX Info: Redefining \Bbbk on input line 2847.
LaTeX Info: Redefining \not on input line 2995.
LaTeX Info: Redefining \textsquare on input line 3025.
LaTeX Info: Redefining \openbox on input line 3027.
) (/usr/share/texmf-dist/tex/latex/tools/multicol.sty
Package: multicol 2025/10/21 v2.0b multicolumn formatting (FMi)
\c@tracingmulticols=\count477
\mult@box=\box102
\multicol@leftmargin=\dimen394
\c@unbalance=\count478
\c@collectmore=\count479
\doublecol@number=\count480
\multicoltolerance=\count481
\multicolpretolerance=\count482
\full@width=\dimen395
\page@free=\dimen396
\premulticols=\dimen397
\postmulticols=\dimen398
\multicolsep=\skip288
\multicolbaselineskip=\skip289
\partial@page=\box103
\last@line=\box104
\mc@boxedresult=\box105
\maxbalancingoverflow=\dimen399
\mult@rightbox=\box106
\mult@grightbox=\box107
\mult@firstbox=\box108
\mult@gfirstbox=\box109
\@tempa=\box110
\@tempa=\box111
\@tempa=\box112
\@tempa=\box113
\@tempa=\box114
\@tempa=\box115
\@tempa=\box116
\@tempa=\box117
\@tempa=\box118
\@tempa=\box119
\@tempa=\box120
\@tempa=\box121
\@tempa=\box122
\@tempa=\box123
\@tempa=\box124
\@tempa=\box125
\@tempa=\box126
\@tempa=\box127
\@tempa=\box128
\@tempa=\box129
\@tempa=\box130
\@tempa=\box131
\@tempa=\box132
\@tempa=\box133
\@tempa=\box134
\@tempa=\box135
\@tempa=\box136
\@tempa=\box137
\@tempa=\box138
\@tempa=\box139
\@tempa=\box140
\@tempa=\box141
\@tempa=\box142
\@tempa=\box143
\@tempa=\box144
\@tempa=\box145
\c@minrows=\count483
\c@columnbadness=\count484
\c@finalcolumnbadness=\count485
\last@try=\dimen400
\multicolovershoot=\dimen401
\multicolundershoot=\dimen402
\mult@nat@firstbox=\box146
\colbreak@box=\box147
\mc@col@check@num=\count486
\g__mc_curr_col_int=\count487
)
(/usr/share/texmf-dist/tex/latex/wrapfig/wrapfig.sty
\wrapoverhang=\dimen403
\WF@size=\dimen404
\c@WF@wrappedlines=\count488
\WF@box=\box148
\WF@everypar=\toks77
Package: wrapfig 2003/01/31  v 3.6
)
\@nomenclaturefile=\write130
\openout4 = `thesis.nlo'.

Package nomencl Info: Writing nomenclature file thesis.nlo on input line 264.
\glswrite=\write131
\glo@main@file=\write132
\openout4 = `thesis.glo'.

Package glossaries Info: Writing glossary file thesis.glo on input line 280.
\c@count_glossario=\count489

(/usr/share/texmf-dist/tex/latex/tcolorbox/tcbbreakable.code.tex
Library (tcolorbox): 'tcbbreakable.code.tex' version '6.9.0'
(/usr/share/texmf-dist/tex/latex/pdfcol/pdfcol.sty
Package: pdfcol 2022-09-21 v1.7 Handle new color stacks for pdfTeX (HO)
)
Package pdfcol Info: New color stack `tcb@breakable' = 1 on input line 23.
\tcb@testbox=\box149
\tcb@totalupperbox=\box150
\tcb@totallowerbox=\box151
)

Package amsthm Warning: Unknown theoremstyle `definicao' on input line 694.

\c@teorema=\count490
\c@proposicao=\count491
\c@lema=\count492
\c@corolario=\count493
\c@exemplo=\count494
\c@observacao=\count495
\c@definicao=\count496
\@float@every@quadro=\toks78
\c@quadro=\count497
\c@loqdepth=\count498
\cftbeforequadroskip=\skip290
\cftquadroindent=\skip291
\cftquadronumwidth=\skip292
\cftbeforealgorithmtskip=\skip293
\cftalgorithmtindent=\skip294
\cftalgorithmtnumwidth=\skip295
\cftbeforelstlistingskip=\skip296
\cftlstlistingindent=\skip297
\cftlstlistingnumwidth=\skip298
\c@countcodigo=\count499
\c@numresumo=\count500
(/usr/share/texmf-dist/tex/latex/base/fontenc.sty
Package: fontenc 2025/07/18 v2.1d Standard LaTeX package
LaTeX Font Info:    Trying to load font information for T1+ptm on input line 11
6.

(/usr/share/texmf-dist/tex/latex/psnfss/t1ptm.fd
File: t1ptm.fd 2001/06/04 font definitions for T1/ptm.
)<<t1.cmap>>)
(/usr/share/texmf-dist/tex/latex/base/inputenc.sty
Package: inputenc 2024/02/08 v1.3d Input encoding file
\inpenc@prehook=\toks79
\inpenc@posthook=\toks80
)
Package hyperref Info: Option `unicode' set `true' on input line 1676.
Package hyperref Info: Option `colorlinks' set `true' on input line 1676.
\thesis@idxfile=\write133
\openout4 = `thesis.idx'.


Writing index file thesis.idx 
) (/usr/share/texmf-dist/tex/latex/graphics/rotating.sty
Package: rotating 2025/01/14 v2.16e rotated objects in LaTeX
\c@r@tfl@t=\count501
\rotFPtop=\skip299
\rotFPbot=\skip300
\rot@float@box=\box152
\rot@mess@toks=\toks81
)
(/usr/share/texmf-dist/tex/generic/xypic/xy.sty
(/usr/share/texmf-dist/tex/generic/xypic/xy.tex Bootstrap'ing: catcodes,
docmode, (/usr/share/texmf-dist/tex/generic/xypic/xyrecat.tex)
(/usr/share/texmf-dist/tex/generic/xypic/xyidioms.tex)

 Xy-pic version 3.8.9 <2013/10/06>
 Copyright (c) 1991-2013 by Kristoffer H. Rose <krisrose@tug.org> and others
 Xy-pic is free software: see the User's Guide for details.

Loading kernel: messages; fonts; allocations: state,
\X@c=\dimen405
\Y@c=\dimen406
\U@c=\dimen407
\D@c=\dimen408
\L@c=\dimen409
\R@c=\dimen410
\Edge@c=\toks82
\X@p=\dimen411
\Y@p=\dimen412
\U@p=\dimen413
\D@p=\dimen414
\L@p=\dimen415
\R@p=\dimen416
\Edge@p=\toks83
\X@origin=\dimen417
\Y@origin=\dimen418
\X@xbase=\dimen419
\Y@xbase=\dimen420
\X@ybase=\dimen421
\Y@ybase=\dimen422
\X@min=\dimen423
\Y@min=\dimen424
\X@max=\dimen425
\Y@max=\dimen426
\lastobjectbox@=\box153
\zerodotbox@=\box154
\almostz@=\dimen427
 direction,
\d@X=\dimen428
\d@Y=\dimen429
\K@=\count502
\KK@=\count503
\Direction=\count504
\K@dXdY=\dimen430
\K@dYdX=\dimen431
\xyread@=\read7
\xywrite@=\write134
\csp@=\count505
\quotPTK@=\dimen432

utility macros; pictures: \xy, positions,
\swaptoks@@=\toks84
\connectobjectbox@@=\box155
 objects,
\styletoks@=\toks85
 decorations;
kernel objects: directionals, circles, text; options; algorithms: directions,
edges, connections;  Xy-pic loaded)
Package: xy 2013/10/06 Xy-pic version 3.8.9

(/usr/share/texmf-dist/tex/generic/xypic/xyall.tex
 Xy-pic option: All features v.3.8
(/usr/share/texmf-dist/tex/generic/xypic/xycurve.tex
 Xy-pic option: Curve and Spline extension v.3.12 curve,
\crv@cnt@=\count506
\crvpts@=\toks86
\splinebox@=\box156
\splineval@=\dimen433
\splinedepth@=\dimen434
\splinetol@=\dimen435
\splinelength@=\dimen436
 circles,
\L@=\dimen437
 loaded)
(/usr/share/texmf-dist/tex/generic/xypic/xyframe.tex
 Xy-pic option: Frame and Bracket extension v.3.14 loaded)
(/usr/share/texmf-dist/tex/generic/xypic/xycmtip.tex
 Xy-pic option: Computer Modern tip extension v.3.7
(/usr/share/texmf-dist/tex/generic/xypic/xytips.tex
 Xy-pic option: More Tips extension v.3.11 loaded) loaded)
(/usr/share/texmf-dist/tex/generic/xypic/xyline.tex
 Xy-pic option: Line styles extension v.3.10
\xylinethick@=\dimen438
 loaded)
(/usr/share/texmf-dist/tex/generic/xypic/xyrotate.tex
 Xy-pic option: Rotate and Scale extension v.3.8 loaded)
(/usr/share/texmf-dist/tex/generic/xypic/xycolor.tex
 Xy-pic option: Colour extension v.3.11 loaded)
(/usr/share/texmf-dist/tex/generic/xypic/xymatrix.tex
 Xy-pic option: Matrix feature v.3.14
\Row=\count507
\Col=\count508
\queue@=\toks87
\queue@@=\toks88
\qcount@=\count509
\qcount@@=\count510
\matrixsize@=\count511
 loaded)
(/usr/share/texmf-dist/tex/generic/xypic/xyarrow.tex
 Xy-pic option: Arrow and Path feature v.3.9 path, \ar, loaded)
(/usr/share/texmf-dist/tex/generic/xypic/xygraph.tex
 Xy-pic option: Graph feature v.3.11 loaded) loaded)
(/usr/share/texmf-dist/tex/generic/xypic/xyknot.tex
 Xy-pic option: Knots and Links feature v.3.9 knots and links, loaded)
(/usr/share/texmf-dist/tex/generic/xypic/xyarc.tex
 Xy-pic option: Circle, Ellipse, Arc feature v.3.8 circles, ellipses,
elliptical arcs, loaded) (/usr/share/texmf-dist/tex/generic/xypic/xyimport.tex
 Xy-pic option: Import graphics extension v.3.13 loaded)
(/usr/share/texmf-dist/tex/generic/xypic/xypoly.tex
 Xy-pic option: Polygon feature v.3.11 polygons,
\xypolynode@=\count512
 loaded)
(/usr/share/texmf-dist/tex/generic/xypic/xypdf.tex
 Xy-pic option: PDF driver v.1.7 Xy-pic pdf driver: `color' extension support
(/usr/share/texmf-dist/tex/generic/xypic/xypdf-co.tex loaded)
Xy-pic pdf driver: `curve' extension support
(/usr/share/texmf-dist/tex/generic/xypic/xypdf-cu.tex loaded)
Xy-pic pdf driver: `frame' extension support
(/usr/share/texmf-dist/tex/generic/xypic/xypdf-fr.tex loaded)
Xy-pic pdf driver: `line' extension support
(/usr/share/texmf-dist/tex/generic/xypic/xypdf-li.tex loaded)
Xy-pic pdf driver: `rotate' extension support
(/usr/share/texmf-dist/tex/generic/xypic/xypdf-ro.tex loaded) loaded))
(./thesis.aux
Package babel Info: 'brazil' activates 'portuges' shorthands.
(babel)             Reported on input line 17.


LaTeX Warning: Label `Equation: Measure Normal Matrix' multiply defined.


LaTeX Warning: Label `Equation: main part annulus' multiply defined.


LaTeX Warning: Label `Equation: logV annulus' multiply defined.


LaTeX Warning: Label `Equation: log(r) annulus' multiply defined.


LaTeX Warning: Label `Equation: EulerMaclaurin 1 annulus' multiply defined.


LaTeX Warning: Label `Equation: logV annulus' multiply defined.

)
\openout1 = `thesis.aux'.

LaTeX Font Info:    Checking defaults for OML/ntxmi/m/it on input line 100.
LaTeX Font Info:    Trying to load font information for OML+ntxmi on input line
 100.
 (/usr/share/texmf-dist/tex/latex/newtx/omlntxmi.fd
File: omlntxmi.fd 2015/08/25 Fontinst v1.933 font definitions for OML/ntxmi.
)
LaTeX Font Info:    ... okay on input line 100.
LaTeX Font Info:    Checking defaults for OMS/cmsy/m/n on input line 100.
LaTeX Font Info:    ... okay on input line 100.
LaTeX Font Info:    Checking defaults for OT1/cmr/m/n on input line 100.
LaTeX Font Info:    ... okay on input line 100.
LaTeX Font Info:    Checking defaults for T1/cmr/m/n on input line 100.
LaTeX Font Info:    ... okay on input line 100.
LaTeX Font Info:    Checking defaults for TS1/cmr/m/n on input line 100.
LaTeX Font Info:    ... okay on input line 100.
LaTeX Font Info:    Checking defaults for OMX/cmex/m/n on input line 100.
LaTeX Font Info:    ... okay on input line 100.
LaTeX Font Info:    Checking defaults for U/ntxexa/m/n on input line 100.
LaTeX Font Info:    Trying to load font information for U+ntxexa on input line 
100.

(/usr/share/texmf-dist/tex/latex/newtx/untxexa.fd
File: untxexa.fd 2012/04/16 Fontinst v1.933 font definitions for U/ntxexa.
)
LaTeX Font Info:    ... okay on input line 100.
LaTeX Font Info:    Checking defaults for PD1/pdf/m/n on input line 100.
LaTeX Font Info:    ... okay on input line 100.
LaTeX Font Info:    Checking defaults for PU/pdf/m/n on input line 100.
LaTeX Font Info:    ... okay on input line 100.
LaTeX Font Info:    Checking defaults for LMS/ntxsy/m/n on input line 100.
LaTeX Font Info:    Trying to load font information for LMS+ntxsy on input line
 100.

(/usr/share/texmf-dist/tex/latex/newtx/lmsntxsy.fd
File: lmsntxsy.fd 2016/07/02 Fontinst v1.933 font definitions for LMS/ntxsy.
)
LaTeX Font Info:    ... okay on input line 100.
LaTeX Font Info:    Checking defaults for LMX/ntxexx/m/n on input line 100.
LaTeX Font Info:    Trying to load font information for LMX+ntxexx on input lin
e 100.

(/usr/share/texmf-dist/tex/latex/newtx/lmxntxexx.fd
File: lmxntxexx.fd 2016/07/03 Fontinst v1.933 font definitions for LMX/ntxexx.
)
LaTeX Font Info:    ... okay on input line 100.
Package hyperref Info: Link coloring ON on input line 100.
\myptabbox=\box157
\myptabboxwidth=\skip301

(/usr/share/texmf-dist/tex/context/base/mkii/supp-pdf.mkii
[Loading MPS to PDF converter (version 2006.09.02).]
\scratchcounter=\count513
\scratchdimen=\dimen439
\scratchbox=\box158
\nofMPsegments=\count514
\nofMParguments=\count515
\everyMPshowfont=\toks89
\MPscratchCnt=\count516
\MPscratchDim=\dimen440
\MPnumerator=\count517
\makeMPintoPDFobject=\count518
\everyMPtoPDFconversion=\toks90
) (/usr/share/texmf-dist/tex/latex/epstopdf-pkg/epstopdf-base.sty
Package: epstopdf-base 2020-01-24 v2.11 Base part for package epstopdf

(/usr/share/texmf-dist/tex/latex/grfext/grfext.sty
Package: grfext 2019/12/03 v1.3 Manage graphics extensions (HO)
)
Package epstopdf-base Info: Redefining graphics rule for `.eps' on input line 4
85.
Package grfext Info: Graphics extension search list:
(grfext)             [.pdf,.png,.jpg,.mps,.jpeg,.jbig2,.jb2,.PDF,.PNG,.JPG,.JPE
G,.JBIG2,.JB2,.eps]
(grfext)             \AppendGraphicsExtensions on input line 504.

(/usr/share/texmf-dist/tex/latex/latexconfig/epstopdf-sys.cfg
File: epstopdf-sys.cfg 2010/07/13 v1.3 Configuration of (r)epstopdf for TeX Liv
e
))
Package caption Info: Begin \AtBeginDocument code.
Package caption Info: float package is loaded.
Package caption Info: listings package is loaded.
Package caption Info: longtable package is loaded.

(/usr/share/texmf-dist/tex/latex/caption/ltcaption.sty
Package: ltcaption 2021/01/08 v1.4c longtable captions (AR)
)
Package caption Info: rotating package is loaded.
Package caption Info: supertabular package is loaded.
Package caption Info: wrapfig package is loaded.
Package caption Info: End \AtBeginDocument code.
Package microtype Info: Patching varwidth to enable character protrusion.
\MT@vwid@leftmargin=\dimen441
\MT@vwid@rightmargin=\dimen442
LaTeX Info: Redefining \microtypecontext on input line 100.
Package microtype Info: Applying patch `item' on input line 100.
Package microtype Info: Applying patch `toc' on input line 100.
Package microtype Info: Applying patch `eqnum' on input line 100.
Package microtype Info: Applying patch `footnote' on input line 100.
Package microtype Info: Applying patch `verbatim' on input line 100.
LaTeX Info: Redefining \microtypesetup on input line 100.
Package microtype Info: Generating PDF output.
Package microtype Info: Character protrusion enabled (level 2).
Package microtype Info: Using default protrusion set `alltext'.
Package microtype Info: Automatic font expansion enabled (level 2),
(microtype)             stretch: 20, shrink: 20, step: 1, non-selected.
Package microtype Info: Using default expansion set `alltext-nott'.
Package microtype Info: Patching command `\showhyphens'.
Package microtype Info: No adjustment of tracking.
Package microtype Info: No adjustment of interword spacing.
Package microtype Info: No adjustment of character kerning.

(/usr/share/texmf-dist/tex/latex/microtype/mt-ptm.cfg
File: mt-ptm.cfg 2006/04/20 v1.7 microtype config. file: Times (RS)
)
(/usr/share/texmf-dist/tex/latex/pdflscape/pdflscape.sty
Package: pdflscape 2025-06-23 v0.14 Display of landscape pages in PDF

(/usr/share/texmf-dist/tex/latex/pdflscape/pdflscape-nometadata.sty
Package: pdflscape-nometadata 2025-06-23 v0.14 Display of landscape pages in PD
F (HO)

(/usr/share/texmf-dist/tex/latex/graphics/lscape.sty
Package: lscape 2020/05/28 v3.02 Landscape Pages (DPC)
)
Package pdflscape Info: Auto-detected driver: pdftex on input line 81.
))
LaTeX Info: Command `\dddot' is already robust on input line 100.
LaTeX Info: Command `\ddddot' is already robust on input line 100.
\c@lstlisting=\count519
Package tocbasic Info: setting babel extension for `lol' on input line 100.
 (./thesis.glsdefs)
LaTeX Font Info:    Trying to load font information for T1+phv on input line 10
0.

(/usr/share/texmf-dist/tex/latex/psnfss/t1phv.fd
File: t1phv.fd 2020/03/25 scalable font definitions for T1/phv.
)
Package microtype Info: Loading generic protrusion settings for font family
(microtype)             `phv' (encoding: T1).
(microtype)             For optimal results, create family-specific settings.
(microtype)             See the microtype manual for details.
LaTeX Font Info:    Trying to load font information for OT1+minntx on input lin
e 100.

(/usr/share/texmf-dist/tex/latex/newtx/ot1minntx.fd
File: ot1minntx.fd 2023/09/09 v1.1 font definition file for OT1/minntx
)
LaTeX Font Info:    Font shape `OT1/minntx/m/n' will be
(Font)              scaled to size 12.0pt on input line 100.
<<ot1.cmap>>
Package microtype Info: Loading generic protrusion settings for font family
(microtype)             `minntx' (encoding: OT1).
(microtype)             For optimal results, create family-specific settings.
(microtype)             See the microtype manual for details.
LaTeX Font Info:    Font shape `OT1/minntx/m/n' will be
(Font)              scaled to size 8.8pt on input line 100.
LaTeX Font Info:    Font shape `OT1/minntx/m/n' will be
(Font)              scaled to size 6.6pt on input line 100.
LaTeX Font Info:    Font shape `OML/ntxmi/m/it' will be
(Font)              scaled to size 12.0pt on input line 100.
<<oml.cmap>>
LaTeX Font Info:    Font shape `OML/ntxmi/m/it' will be
(Font)              scaled to size 8.8pt on input line 100.
LaTeX Font Info:    Font shape `OML/ntxmi/m/it' will be
(Font)              scaled to size 6.6pt on input line 100.
LaTeX Font Info:    Font shape `LMS/ntxsy/m/n' will be
(Font)              scaled to size 12.0pt on input line 100.
LaTeX Font Info:    Font shape `LMS/ntxsy/m/n' will be
(Font)              scaled to size 8.8pt on input line 100.
LaTeX Font Info:    Font shape `LMS/ntxsy/m/n' will be
(Font)              scaled to size 6.6pt on input line 100.
LaTeX Font Info:    Font shape `LMX/ntxexx/m/n' will be
(Font)              scaled to size 12.0pt on input line 100.
LaTeX Font Info:    Font shape `LMX/ntxexx/m/n' will be
(Font)              scaled to size 8.8pt on input line 100.
LaTeX Font Info:    Font shape `LMX/ntxexx/m/n' will be
(Font)              scaled to size 6.6pt on input line 100.

(/usr/share/texmf-dist/tex/latex/microtype/mt-msa.cfg
File: mt-msa.cfg 2006/02/04 v1.1 microtype config. file: AMS symbols (a) (RS)
)
(/usr/share/texmf-dist/tex/latex/microtype/mt-msb.cfg
File: mt-msb.cfg 2005/06/01 v1.0 microtype config. file: AMS symbols (b) (RS)
)
LaTeX Font Info:    Trying to load font information for OT1+ptm on input line 1
00.

(/usr/share/texmf-dist/tex/latex/psnfss/ot1ptm.fd
File: ot1ptm.fd 2001/06/04 font definitions for OT1/ptm.
)
LaTeX Font Info:    Font shape `OT1/ptm/bx/n' in size <12> not available
(Font)              Font shape `OT1/ptm/b/n' tried instead on input line 100.
LaTeX Font Info:    Font shape `OT1/ptm/bx/n' in size <8.8> not available
(Font)              Font shape `OT1/ptm/b/n' tried instead on input line 100.
LaTeX Font Info:    Font shape `OT1/ptm/bx/n' in size <6.6> not available
(Font)              Font shape `OT1/ptm/b/n' tried instead on input line 100.
LaTeX Font Info:    Trying to load font information for U+ntxmia on input line 
100.

(/usr/share/texmf-dist/tex/latex/newtx/untxmia.fd
File: untxmia.fd 2024/04/09 Fontinst v1.933 font definitions for U/ntxmia.
)
LaTeX Font Info:    Font shape `U/ntxmia/m/it' will be
(Font)              scaled to size 12.0pt on input line 100.
LaTeX Font Info:    Font shape `U/ntxmia/m/it' will be
(Font)              scaled to size 8.8pt on input line 100.
LaTeX Font Info:    Font shape `U/ntxmia/m/it' will be
(Font)              scaled to size 6.6pt on input line 100.
LaTeX Font Info:    Trying to load font information for U+ntxsym on input line 
100.

(/usr/share/texmf-dist/tex/latex/newtx/untxsym.fd
File: untxsym.fd 2023/08/16 Fontinst v1.933 font definitions for U/ntxsym.
)
LaTeX Font Info:    Font shape `U/ntxsym/m/n' will be
(Font)              scaled to size 12.0pt on input line 100.
LaTeX Font Info:    Font shape `U/ntxsym/m/n' will be
(Font)              scaled to size 8.8pt on input line 100.
LaTeX Font Info:    Font shape `U/ntxsym/m/n' will be
(Font)              scaled to size 6.6pt on input line 100.
LaTeX Font Info:    Trying to load font information for U+ntxsyc on input line 
100.

(/usr/share/texmf-dist/tex/latex/newtx/untxsyc.fd
File: untxsyc.fd 2012/04/12 Fontinst v1.933 font definitions for U/ntxsyc.
)
LaTeX Font Info:    Font shape `U/ntxsyc/m/n' will be
(Font)              scaled to size 12.0pt on input line 100.
LaTeX Font Info:    Font shape `U/ntxsyc/m/n' will be
(Font)              scaled to size 8.8pt on input line 100.
LaTeX Font Info:    Font shape `U/ntxsyc/m/n' will be
(Font)              scaled to size 6.6pt on input line 100.
LaTeX Font Info:    Font shape `U/ntxexa/m/n' will be
(Font)              scaled to size 12.0pt on input line 100.
LaTeX Font Info:    Font shape `U/ntxexa/m/n' will be
(Font)              scaled to size 8.8pt on input line 100.
LaTeX Font Info:    Font shape `U/ntxexa/m/n' will be
(Font)              scaled to size 6.6pt on input line 100.
<packages/capa.pdf, id=10, 596.46838pt x 845.0471pt>
File: packages/capa.pdf Graphic file (type pdf)
<use packages/capa.pdf>
Package pdftex.def Info: packages/capa.pdf  used on input line 100.
(pdftex.def)             Requested size: 596.49423pt x 845.04684pt.
\openout4 = `thesis.mw'.

 [1{/var/lib/texmf/fonts/map/pdftex/updmap/pdftex.map}{/usr/share/texmf-dist/fo
nts/enc/dvips/base/8r.enc}

 <./packages/capa.pdf>] (./thesis.mw)
\openout4 = `thesis.mw'.

\openout4 = `thesis.ist'.

\openout4 = `thesis.mw'.

\openout4 = `thesis.mw'.

\openout4 = `thesis.mw'.

\openout4 = `thesis.mw'.

\openout4 = `thesis.mw'.

\openout4 = `thesis.mw'.

\openout4 = `thesis.mw'.

\openout4 = `thesis.mw'.

\openout4 = `thesis.mw'.

\openout4 = `thesis.mw'.

\openout4 = `thesis.mw'.

\openout4 = `thesis.mw'.

\openout4 = `thesis.mw'.

\openout4 = `thesis.mw'.

\openout4 = `thesis.mw'.

\openout4 = `thesis.mw'.

\openout4 = `thesis.mw'.

\openout4 = `thesis.mw'.

\openout4 = `thesis.mw'.

\openout4 = `thesis.mw'.

\openout4 = `thesis.mw'.

\openout4 = `thesis.mw'.

\openout4 = `thesis.mw'.

\openout4 = `thesis.mw'.

\openout4 = `thesis.mw'.

\openout4 = `thesis.mw'.

\openout4 = `thesis.mw'.

\openout4 = `thesis.mw'.

\openout4 = `thesis.mw'.

\openout4 = `thesis.mw'.

\openout4 = `thesis.mw'.

\openout4 = `thesis.mw'.

\openout4 = `thesis.mw'.

\openout4 = `thesis.mw'.

\openout4 = `thesis.mw'.

\openout4 = `thesis.mw'.

\openout4 = `thesis.mw'.

\openout4 = `thesis.mw'.

\openout4 = `thesis.mw'.

\openout4 = `thesis.mw'.

\openout4 = `thesis.mw'.

\openout4 = `thesis.mw'.

\openout4 = `thesis.mw'.

\openout4 = `thesis.mw'.

\openout4 = `thesis.mw'.

\openout4 = `thesis.mw'.

\openout4 = `thesis.mw'.

\openout4 = `thesis.mw'.

\openout4 = `thesis.mw'.

\openout4 = `thesis.mw'.

\openout4 = `thesis.mw'.

\openout4 = `thesis.mw'.

\openout4 = `thesis.mw'.

\openout4 = `thesis.mw'.

\openout4 = `thesis.mw'.

\openout4 = `thesis.mw'.

\openout4 = `thesis.mw'.

\openout4 = `thesis.mw'.

\openout4 = `thesis.ist'.

\openout4 = `thesis.mw'.

 [2

] (./thesis.mw)
\openout4 = `thesis.mw'.


Overfull \hbox (5.93454pt too wide) in paragraph at lines 100--100
[][] 
 []

LaTeX Font Info:    Font shape `T1/phv/m/it' in size <10> not available
(Font)              Font shape `T1/phv/m/sl' tried instead on input line 100.

Underfull \hbox (badness 3088) in paragraph at lines 100--100
[]\T1/phv/m/n/10 Master dissertation submitted to the Institute of
 []


pdfTeX warning (ext4): destination with the same identifier (name{page.1}) has 
been already used, duplicate ignored
<to be read again> 
                   \relax 
l.100 \begin{document}
                      
\openout4 = `thesis.mw'.

 [1


] (./thesis.mw)
\openout4 = `thesis.mw'.

<tex/pre-textual/ficha-catalografica.pdf, id=44, 597.51233pt x 845.0471pt>
File: tex/pre-textual/ficha-catalografica.pdf Graphic file (type pdf)
<use tex/pre-textual/ficha-catalografica.pdf>
Package pdftex.def Info: tex/pre-textual/ficha-catalografica.pdf  used on input
 line 100.
(pdftex.def)             Requested size: 597.51086pt x 845.04504pt.
<tex/pre-textual/ficha-catalografica.pdf, id=46, page=1, 597.51233pt x 845.0471
pt>
File: tex/pre-textual/ficha-catalografica.pdf Graphic file (type pdf)
<use tex/pre-textual/ficha-catalografica.pdf, page 1>
Package pdftex.def Info: tex/pre-textual/ficha-catalografica.pdf , page1 used o
n input line 100.
(pdftex.def)             Requested size: 597.51086pt x 845.04504pt.
File: tex/pre-textual/ficha-catalografica.pdf Graphic file (type pdf)
<use tex/pre-textual/ficha-catalografica.pdf, page 1>
Package pdftex.def Info: tex/pre-textual/ficha-catalografica.pdf , page1 used o
n input line 100.
(pdftex.def)             Requested size: 597.53821pt x 845.08372pt.
File: tex/pre-textual/ficha-catalografica.pdf Graphic file (type pdf)
<use tex/pre-textual/ficha-catalografica.pdf, page 1>
Package pdftex.def Info: tex/pre-textual/ficha-catalografica.pdf , page1 used o
n input line 100.
(pdftex.def)             Requested size: 597.53821pt x 845.08372pt.
File: tex/pre-textual/ficha-catalografica.pdf Graphic file (type pdf)
<use tex/pre-textual/ficha-catalografica.pdf, page 1>
Package pdftex.def Info: tex/pre-textual/ficha-catalografica.pdf , page1 used o
n input line 100.
(pdftex.def)             Requested size: 597.53821pt x 845.08372pt.

pdfTeX warning (ext4): destination with the same identifier (name{page.2}) has 
been already used, duplicate ignored
<to be read again> 
                   \relax 
l.100 \begin{document}
                      
File: tex/pre-textual/ficha-catalografica.pdf Graphic file (type pdf)
<use tex/pre-textual/ficha-catalografica.pdf, page 1>
Package pdftex.def Info: tex/pre-textual/ficha-catalografica.pdf , page1 used o
n input line 100.
(pdftex.def)             Requested size: 597.53821pt x 845.08372pt.
\openout4 = `thesis.mw'.

 [2

 <./tex/pre-textual/ficha-catalografica.pdf>]
(./thesis.mw)
\openout4 = `thesis.mw'.


Underfull \hbox (badness 3088) in paragraph at lines 100--100
[]\T1/phv/m/n/10 Master dissertation submitted to the Institute of
 []

\openout4 = `thesis.mw'.

[3

] (./thesis.mw)
\openout4 = `thesis.mw'.

\openout4 = `thesis.mw'.

 [4

] (./thesis.mw)
\openout4 = `thesis.mw'.

 (./tex/pre-textual/dedicatoria.tex)
\openout4 = `thesis.mw'.


[5] (./thesis.mw)
\openout4 = `thesis.mw'.

\openout4 = `thesis.mw'.

 [6

] (./thesis.mw)
\openout4 = `thesis.mw'.

LaTeX Font Info:    Trying to load font information for T1+lmss on input line 1
00.

(/usr/share/texmf-dist/tex/latex/lm/t1lmss.fd
File: t1lmss.fd 2015/05/01 v1.6.1 Font defs for Latin Modern
)
Package microtype Info: Loading generic protrusion settings for font family
(microtype)             `lmss' (encoding: T1).
(microtype)             For optimal results, create family-specific settings.
(microtype)             See the microtype manual for details.

(./tex/pre-textual/agradecimentos.tex)
\openout4 = `thesis.mw'.

 [7

{/usr/share/texmf-dist/fonts/enc/dvips/lm/lm-ec.enc}] (./thesis.mw)
\openout4 = `thesis.mw'.

\openout4 = `thesis.mw'.

 [8

] (./thesis.mw)
\openout4 = `thesis.mw'.

 (./tex/pre-textual/epigrafe.tex)
\openout4 = `thesis.mw'.

 [9] (./thesis.mw)
\openout4 = `thesis.mw'.

\openout4 = `thesis.mw'.

 [10

] (./thesis.mw)
\openout4 = `thesis.mw'.

\c@count=\count520
\openout4 = `thesis.mw'.

 [11

] (./thesis.mw)
\openout4 = `thesis.mw'.

\openout4 = `thesis.mw'.

 [12

] (./thesis.mw)
\openout4 = `thesis.mw'.

\openout4 = `thesis.mw'.


[13

] (./thesis.mw)
\openout4 = `thesis.mw'.

\openout4 = `thesis.mw'.

 [14

] (./thesis.mw)
\openout4 = `thesis.mw'.

 (./thesis.lof)
\openout4 = `thesis.mw'.

 [15] (./thesis.mw)
\openout4 = `thesis.mw'.

\openout4 = `thesis.mw'.


[16

] (./thesis.mw)
\openout4 = `thesis.mw'.


No file thesis.nls.
(./thesis.los)
\openout4 = `thesis.mw'.

 [17


{/usr/share/texmf-dist/fonts/enc/dvips/newtx/ntx-ot1-tlf.enc}] (./thesis.mw)
\openout4 = `thesis.mw'.

\openout4 = `thesis.mw'.

 [18

] (./thesis.mw)
\openout4 = `thesis.mw'.

 (./thesis.toc
LaTeX Font Info:    Font shape `T1/lmss/m/it' in size <12> not available
(Font)              Font shape `T1/lmss/m/sl' tried instead on input line 22.
LaTeX Font Info:    Font shape `T1/lmss/bx/it' in size <12> not available
(Font)              Font shape `T1/lmss/bx/sl' tried instead on input line 22.

Underfull \vbox (badness 5288) has occurred while \output is active []

\openout4 = `thesis.mw'.

 [19]
(./thesis.mw)
\openout4 = `thesis.mw'.

)
\openout4 = `thesis.mw'.

 [20] (./thesis.mw)
\openout4 = `thesis.mw'.

Package xypdf Info: Line width: 0.672pt on input line 100.
Package hyperref Info: bookmark level for unknown simbolo defaults to 0 on inpu
t line 110.

Chapter 1.
(./tex/introduction.tex)
\openout4 = `thesis.mw'.

 [21


] (./thesis.mw)
\openout4 = `thesis.mw'.

\openout4 = `thesis.mw'.

\openout4 = `thesis.mw'.

\openout4 = `thesis.mw'.

 [22

] (./thesis.mw)
\openout4 = `thesis.mw'.


Chapter 2.
(./tex/rmt.tex
\openout4 = `thesis.mw'.

 [23] (./thesis.mw)
\openout4 = `thesis.mw'.

\openout4 = `thesis.mw'.

\openout4 = `thesis.mw'.

\openout4 = `thesis.mw'.

\openout4 = `thesis.mw'.

LaTeX Font Info:    Trying to load font information for OT1+lmtt on input line 
36.

(/usr/share/texmf-dist/tex/latex/lm/ot1lmtt.fd
File: ot1lmtt.fd 2015/05/01 v1.6.1 Font defs for Latin Modern
)<<ot1tt.cmap>>
\openout4 = `thesis.mw'.

 [24{/usr/share/texmf-dist/fonts/enc/dvips/lm/lm-rmtt.enc}] (./thesis.mw)
\openout4 = `thesis.mw'.

\openout4 = `thesis.mw'.

 [25] (./thesis.mw)
\openout4 = `thesis.mw'.


Underfull \vbox (badness 1168) has occurred while \output is active []

\openout4 = `thesis.mw'.

 [26]
(./thesis.mw)
\openout4 = `thesis.mw'.

\openout4 = `thesis.mw'.

 [27] (./thesis.mw)
\openout4 = `thesis.mw'.

\openout4 = `thesis.mw'.

 [28] (./thesis.mw)
\openout4 = `thesis.mw'.

LaTeX Font Info:    Font shape `T1/lmss/bx/it' in size <14.4> not available
(Font)              Font shape `T1/lmss/bx/sl' tried instead on input line 203.

\openout4 = `thesis.mw'.

 [29] (./thesis.mw)
\openout4 = `thesis.mw'.

\openout4 = `thesis.mw'.

 [30]
(./thesis.mw)
\openout4 = `thesis.mw'.

\openout4 = `thesis.mw'.

\openout4 = `thesis.mw'.

\openout4 = `thesis.mw'.

\openout4 = `thesis.mw'.

\openout4 = `thesis.mw'.

\openout4 = `thesis.mw'.

\openout4 = `thesis.mw'.

 [31] (./thesis.mw)
\openout4 = `thesis.mw'.

)
\openout4 = `thesis.mw'.

 [32] (./thesis.mw)
\openout4 = `thesis.mw'.


Chapter 3.
(./tex/pointprocesses.tex
\openout4 = `thesis.mw'.

 [33

] (./thesis.mw)
\openout4 = `thesis.mw'.

\openout4 = `thesis.mw'.

 [34] (./thesis.mw)
\openout4 = `thesis.mw'.

\openout4 = `thesis.mw'.

 [35]
(./thesis.mw)
\openout4 = `thesis.mw'.

\openout4 = `thesis.mw'.

 [36] (./thesis.mw)
\openout4 = `thesis.mw'.

\openout4 = `thesis.mw'.

\openout4 = `thesis.mw'.


Underfull \vbox (badness 10000) has occurred while \output is active []

\openout4 = `thesis.mw'.

 [37]
(./thesis.mw)
\openout4 = `thesis.mw'.

LaTeX Font Info:    Trying to load font information for TS1+ptm on input line 1
73.
 (/usr/share/texmf-dist/tex/latex/psnfss/ts1ptm.fd
File: ts1ptm.fd 2001/06/04 font definitions for TS1/ptm.
)
\openout4 = `thesis.mw'.

 [38]
(./thesis.mw)
\openout4 = `thesis.mw'.

LaTeX Font Info:    Font shape `OT1/minntx/m/it' will be
(Font)              scaled to size 12.0pt on input line 338.
LaTeX Font Info:    Font shape `OT1/minntx/m/it' will be
(Font)              scaled to size 8.8pt on input line 338.
LaTeX Font Info:    Font shape `OT1/minntx/m/it' will be
(Font)              scaled to size 6.6pt on input line 338.
\openout4 = `thesis.mw'.

 [39] (./thesis.mw)
\openout4 = `thesis.mw'.

)
\openout4 = `thesis.mw'.

 [40] (./thesis.mw)
\openout4 = `thesis.mw'.


Chapter 4.
(./tex/equilibrium.tex
\openout4 = `thesis.mw'.

 [41

] (./thesis.mw)
\openout4 = `thesis.mw'.

\openout4 = `thesis.mw'.

 [42] (./thesis.mw)
\openout4 = `thesis.mw'.

\openout4 = `thesis.mw'.

 [43] (./thesis.mw)
\openout4 = `thesis.mw'.

\openout4 = `thesis.mw'.

[44] (./thesis.mw)
\openout4 = `thesis.mw'.

\openout4 = `thesis.mw'.

\openout4 = `thesis.mw'.



Package hyperref Warning: Suppressing empty link on input line 145.


Package hyperref Warning: Suppressing empty link on input line 190.

\openout4 = `thesis.mw'.

[45] (./thesis.mw)
\openout4 = `thesis.mw'.

\openout4 = `thesis.mw'.

 [46] (./thesis.mw)
\openout4 = `thesis.mw'.



Package hyperref Warning: Suppressing empty link on input line 287.

\openout4 = `thesis.mw'.

[47] (./thesis.mw)
\openout4 = `thesis.mw'.

)
\openout4 = `thesis.mw'.

 [48] (./thesis.mw)
\openout4 = `thesis.mw'.


Chapter 5.
(./tex/asymptotics.tex

Package amsmath Warning: Foreign command \atopwithdelims;
(amsmath)                \frac or \genfrac should be used instead
(amsmath)                 on input line 7.

\openout4 = `thesis.mw'.

[49

] (./thesis.mw)
\openout4 = `thesis.mw'.

\openout4 = `thesis.mw'.

 [50] (./thesis.mw)
\openout4 = `thesis.mw'.

\openout4 = `thesis.mw'.

 [51] (./thesis.mw)
\openout4 = `thesis.mw'.


Underfull \vbox (badness 4940) has occurred while \output is active []

\openout4 = `thesis.mw'.

 [52]
(./thesis.mw)
\openout4 = `thesis.mw'.

\openout4 = `thesis.mw'.

 [53] (./thesis.mw)
\openout4 = `thesis.mw'.

\openout4 = `thesis.mw'.

 [54] (./thesis.mw)
\openout4 = `thesis.mw'.

\openout4 = `thesis.mw'.

 [55] (./thesis.mw)
\openout4 = `thesis.mw'.

\openout4 = `thesis.mw'.

 [56]
(./thesis.mw)
\openout4 = `thesis.mw'.

\openout4 = `thesis.mw'.

 [57] (./thesis.mw)
\openout4 = `thesis.mw'.

\openout4 = `thesis.mw'.

 [58] (./thesis.mw)
\openout4 = `thesis.mw'.

\openout4 = `thesis.mw'.

 [59] (./thesis.mw)
\openout4 = `thesis.mw'.

\openout4 = `thesis.mw'.

 [60]
(./thesis.mw)
\openout4 = `thesis.mw'.

\openout4 = `thesis.mw'.

 [61] (./thesis.mw)
\openout4 = `thesis.mw'.


Overfull \hbox (16.36528pt too wide) detected at line 1329
[][][][][]\LMS/ntxsy/m/n/12 น\OML/ntxmi/m/it/12 p\LMS/ntxsy/m/n/12 น\OML/ntxmi/
m/it/12 ^^M\LMS/ntxsy/m/n/12 น\OML/ntxmi/m/it/12 t\LMS/ntxsy/m/n/12 บบ\OML/ntxm
i/m/it/12 []\LMS/ntxsy/m/n/12 น\OML/ntxmi/m/it/12 t\LMS/ntxsy/m/n/12 บ ^^@ \OM
L/ntxmi/m/it/12 q\LMS/ntxsy/m/n/12 น\OML/ntxmi/m/it/12 ^^M\LMS/ntxsy/m/n/12 น\O
ML/ntxmi/m/it/12 t\LMS/ntxsy/m/n/12 บบ\OML/ntxmi/m/it/12 ^^L[]\LMS/ntxsy/m/n/12
 น\OML/ntxmi/m/it/12 t\LMS/ntxsy/m/n/12 บบ [][] \OT1/minntx/m/n/12 d\OML/ntxmi/
m/it/12 t \U/ntxmia/m/it/12 = [] [][] []
 []

\openout4 = `thesis.mw'.

[62] (./thesis.mw)
\openout4 = `thesis.mw'.


Overfull \hbox (16.36528pt too wide) detected at line 1333
[][][][][]\LMS/ntxsy/m/n/12 น\OML/ntxmi/m/it/12 p\LMS/ntxsy/m/n/12 น\OML/ntxmi/
m/it/12 ^^M\LMS/ntxsy/m/n/12 น\OML/ntxmi/m/it/12 t\LMS/ntxsy/m/n/12 บบ\OML/ntxm
i/m/it/12 ^^L[]\LMS/ntxsy/m/n/12 น\OML/ntxmi/m/it/12 t\LMS/ntxsy/m/n/12 บ ^^@ \
OML/ntxmi/m/it/12 q\LMS/ntxsy/m/n/12 น\OML/ntxmi/m/it/12 ^^M\LMS/ntxsy/m/n/12 น
\OML/ntxmi/m/it/12 t\LMS/ntxsy/m/n/12 บบ\OML/ntxmi/m/it/12 []\LMS/ntxsy/m/n/12
 น\OML/ntxmi/m/it/12 t\LMS/ntxsy/m/n/12 บบ [][] \OT1/minntx/m/n/12 d\OML/ntxmi/
m/it/12 t \U/ntxmia/m/it/12 = [] [][] []
 []

\openout4 = `thesis.mw'.

[63] (./thesis.mw)
\openout4 = `thesis.mw'.


Underfull \vbox (badness 10000) has occurred while \output is active []

\openout4 = `thesis.mw'.

 [64]
(./thesis.mw)
\openout4 = `thesis.mw'.

)
\openout4 = `thesis.mw'.

 [65] (./thesis.mw)
\openout4 = `thesis.mw'.

\openout4 = `thesis.mw'.

 [66

] (./thesis.mw)
\openout4 = `thesis.mw'.


Chapter 6.
(./tex/planarensembles.tex
\openout4 = `thesis.mw'.

 [67] (./thesis.mw)
\openout4 = `thesis.mw'.



LaTeX Warning: Reference `Subsection: Coulomb Gas' on page 68 undefined on inpu
t line 16.

\openout4 = `thesis.mw'.

[68] (./thesis.mw)
\openout4 = `thesis.mw'.

\openout4 = `thesis.mw'.

 [69] (./thesis.mw)
\openout4 = `thesis.mw'.

\openout4 = `thesis.mw'.

 [70] (./thesis.mw)
\openout4 = `thesis.mw'.

\openout4 = `thesis.mw'.

 [71] (./thesis.mw)
\openout4 = `thesis.mw'.

<images/Annulus.png, id=909, 700.6175pt x 642.4pt>
File: images/Annulus.png Graphic file (type png)
<use images/Annulus.png>
Package pdftex.def Info: images/Annulus.png  used on input line 174.
(pdftex.def)             Requested size: 181.99722pt x 166.87303pt.

Underfull \vbox (badness 5893) has occurred while \output is active []

\openout4 = `thesis.mw'.

 [72]
(./thesis.mw)
\openout4 = `thesis.mw'.


Underfull \vbox (badness 10000) has occurred while \output is active []

\openout4 = `thesis.mw'.

 [73 <./images/Annulus.png>] (./thesis.mw)
\openout4 = `thesis.mw'.

\openout4 = `thesis.mw'.

 [74] (./thesis.mw)
\openout4 = `thesis.mw'.

\openout4 = `thesis.mw'.

 [75] (./thesis.mw)
\openout4 = `thesis.mw'.


Overfull \hbox (32.65155pt too wide) detected at line 318
[]
 []

\openout4 = `thesis.mw'.

[76] (./thesis.mw)
\openout4 = `thesis.mw'.


Overfull \hbox (30.64952pt too wide) detected at line 323
 []$[] \LMS/ntxsy/m/n/12 ^^@ [] [] ฯ O [] \OML/ntxmi/m/it/12 :$ []  
 []

\openout4 = `thesis.mw'.

[77] (./thesis.mw)
\openout4 = `thesis.mw'.

\openout4 = `thesis.mw'.

 [78] (./thesis.mw)
\openout4 = `thesis.mw'.

\openout4 = `thesis.mw'.

 [79] (./thesis.mw)
\openout4 = `thesis.mw'.

\openout4 = `thesis.mw'.

 [80] (./thesis.mw)
\openout4 = `thesis.mw'.

\openout4 = `thesis.mw'.


[81] (./thesis.mw)
\openout4 = `thesis.mw'.

\openout4 = `thesis.mw'.

 [82] (./thesis.mw)
\openout4 = `thesis.mw'.

<images/diskfar.png, id=1088, 700.6175pt x 642.4pt>
File: images/diskfar.png Graphic file (type png)
<use images/diskfar.png>
Package pdftex.def Info: images/diskfar.png  used on input line 575.
(pdftex.def)             Requested size: 181.99722pt x 166.87303pt.
<images/diskclose.png, id=1089, 700.6175pt x 642.4pt>
File: images/diskclose.png Graphic file (type png)
<use images/diskclose.png>
Package pdftex.def Info: images/diskclose.png  used on input line 577.
(pdftex.def)             Requested size: 181.99722pt x 166.87303pt.
\openout4 = `thesis.mw'.

 [83 <./images/diskfar.png> <./images/diskclose.png>] (./thesis.mw)
\openout4 = `thesis.mw'.

\openout4 = `thesis.mw'.

 [84] (./thesis.mw)
\openout4 = `thesis.mw'.

\openout4 = `thesis.mw'.

 [85] (./thesis.mw)
\openout4 = `thesis.mw'.


Overfull \hbox (0.26628pt too wide) detected at line 716
[]
 []

\openout4 = `thesis.mw'.

[86] (./thesis.mw)
\openout4 = `thesis.mw'.


Underfull \vbox (badness 1762) has occurred while \output is active []

\openout4 = `thesis.mw'.

 [87]
(./thesis.mw)
\openout4 = `thesis.mw'.

\openout4 = `thesis.mw'.

 [88] (./thesis.mw)
\openout4 = `thesis.mw'.

\openout4 = `thesis.mw'.

 [89] (./thesis.mw)
\openout4 = `thesis.mw'.

\openout4 = `thesis.mw'.

 [90] (./thesis.mw)
\openout4 = `thesis.mw'.


Overfull \hbox (28.92209pt too wide) detected at line 908
[]
 []

\openout4 = `thesis.mw'.

[91] (./thesis.mw)
\openout4 = `thesis.mw'.

\openout4 = `thesis.mw'.

 [92] (./thesis.mw)
\openout4 = `thesis.mw'.

\openout4 = `thesis.mw'.

 [93] (./thesis.mw)
\openout4 = `thesis.mw'.


Underfull \hbox (badness 10000) detected at line 994
 []$[]   [] []\LMS/ntxsy/m/n/12 น\OML/ntxmi/m/it/12 h[]\LMS/ntxsy/m/n/12 บ \U/n
txmia/m/it/12 =$ [][]  
 []

) (./thesis.bbl (./thesis.brf)
\tf@brf=\write135
\openout4 = `thesis.brf'.

\openout4 = `thesis.mw'.

 [94] (./thesis.mw)
\openout4 = `thesis.mw'.


bibitemlist
\openout4 = `thesis.mw'.

[95

] (./thesis.mw)
\openout4 = `thesis.mw'.

) (./tex/glossario.tex
\@gls@deffile=\write136
\openout4 = `thesis.glsdefs'.

\openout4 = `thesis.mw'.

\openout4 = `thesis.mw'.

\openout4 = `thesis.mw'.

\openout4 = `thesis.mw'.

\openout4 = `thesis.mw'.

\openout4 = `thesis.mw'.

\openout4 = `thesis.mw'.

\openout4 = `thesis.mw'.

\openout4 = `thesis.mw'.

\openout4 = `thesis.mw'.

\openout4 = `thesis.mw'.

\openout4 = `thesis.mw'.

\openout4 = `thesis.mw'.

\openout4 = `thesis.mw'.

\openout4 = `thesis.mw'.

\openout4 = `thesis.mw'.

\openout4 = `thesis.mw'.

\openout4 = `thesis.mw'.

\openout4 = `thesis.mw'.

\openout4 = `thesis.mw'.

\openout4 = `thesis.mw'.

\openout4 = `thesis.mw'.

\openout4 = `thesis.mw'.

\openout4 = `thesis.mw'.

\openout4 = `thesis.mw'.

\openout4 = `thesis.mw'.

\openout4 = `thesis.mw'.

\openout4 = `thesis.mw'.

\openout4 = `thesis.mw'.

\openout4 = `thesis.mw'.

\openout4 = `thesis.mw'.

\openout4 = `thesis.mw'.

\openout4 = `thesis.mw'.

\openout4 = `thesis.mw'.

\openout4 = `thesis.mw'.

\openout4 = `thesis.mw'.

\openout4 = `thesis.mw'.

\openout4 = `thesis.mw'.

\openout4 = `thesis.mw'.

\openout4 = `thesis.mw'.

\openout4 = `thesis.mw'.

\openout4 = `thesis.mw'.

\openout4 = `thesis.mw'.

\openout4 = `thesis.mw'.

\openout4 = `thesis.mw'.

\openout4 = `thesis.mw'.

\openout4 = `thesis.mw'.

\openout4 = `thesis.mw'.

\openout4 = `thesis.mw'.

\openout4 = `thesis.mw'.

\openout4 = `thesis.mw'.

\openout4 = `thesis.mw'.

\openout4 = `thesis.mw'.

\openout4 = `thesis.mw'.

\openout4 = `thesis.mw'.

\openout4 = `thesis.mw'.

\openout4 = `thesis.mw'.

\openout4 = `thesis.mw'.

\openout4 = `thesis.mw'.

\openout4 = `thesis.mw'.

\openout4 = `thesis.mw'.

\openout4 = `thesis.mw'.

\openout4 = `thesis.mw'.

\openout4 = `thesis.mw'.

\openout4 = `thesis.mw'.

\openout4 = `thesis.mw'.

\openout4 = `thesis.mw'.

\openout4 = `thesis.mw'.

\openout4 = `thesis.mw'.

\openout4 = `thesis.mw'.

\openout4 = `thesis.mw'.

\openout4 = `thesis.mw'.

\openout4 = `thesis.mw'.

\openout4 = `thesis.mw'.

\openout4 = `thesis.mw'.

\openout4 = `thesis.mw'.

\openout4 = `thesis.mw'.

\openout4 = `thesis.mw'.

\openout4 = `thesis.mw'.

\openout4 = `thesis.mw'.

\openout4 = `thesis.mw'.

\openout4 = `thesis.mw'.

\openout4 = `thesis.mw'.

\openout4 = `thesis.mw'.

\openout4 = `thesis.mw'.

\openout4 = `thesis.mw'.

\openout4 = `thesis.mw'.

\openout4 = `thesis.mw'.

\openout4 = `thesis.mw'.

\openout4 = `thesis.mw'.

\openout4 = `thesis.mw'.

\openout4 = `thesis.mw'.

\openout4 = `thesis.mw'.

\openout4 = `thesis.mw'.

\openout4 = `thesis.mw'.

\openout4 = `thesis.mw'.

\openout4 = `thesis.mw'.

\openout4 = `thesis.mw'.

\openout4 = `thesis.mw'.

\openout4 = `thesis.mw'.

\openout4 = `thesis.mw'.

\openout4 = `thesis.mw'.

\openout4 = `thesis.mw'.

\openout4 = `thesis.mw'.

\openout4 = `thesis.mw'.

\openout4 = `thesis.mw'.

\openout4 = `thesis.mw'.

\openout4 = `thesis.mw'.

\openout4 = `thesis.mw'.

\openout4 = `thesis.mw'.

\openout4 = `thesis.mw'.

\openout4 = `thesis.mw'.

\openout4 = `thesis.mw'.

\openout4 = `thesis.mw'.

\openout4 = `thesis.mw'.

\openout4 = `thesis.mw'.

\openout4 = `thesis.mw'.

\openout4 = `thesis.mw'.

\openout4 = `thesis.mw'.

\openout4 = `thesis.mw'.

\openout4 = `thesis.mw'.

\openout4 = `thesis.mw'.

\openout4 = `thesis.mw'.

\openout4 = `thesis.mw'.

\openout4 = `thesis.mw'.

\openout4 = `thesis.mw'.

\openout4 = `thesis.mw'.

\openout4 = `thesis.mw'.

\openout4 = `thesis.mw'.

\openout4 = `thesis.mw'.

\openout4 = `thesis.mw'.

\openout4 = `thesis.mw'.

\openout4 = `thesis.mw'.

\openout4 = `thesis.mw'.

\openout4 = `thesis.mw'.

\openout4 = `thesis.mw'.

\openout4 = `thesis.mw'.

\openout4 = `thesis.mw'.

\openout4 = `thesis.mw'.

\openout4 = `thesis.mw'.

\openout4 = `thesis.mw'.

\openout4 = `thesis.mw'.

\openout4 = `thesis.mw'.

\openout4 = `thesis.mw'.

\openout4 = `thesis.mw'.

\openout4 = `thesis.mw'.

\openout4 = `thesis.mw'.

\openout4 = `thesis.mw'.

\openout4 = `thesis.mw'.

\openout4 = `thesis.mw'.

\openout4 = `thesis.mw'.

\openout4 = `thesis.mw'.

\openout4 = `thesis.mw'.

\openout4 = `thesis.mw'.

\openout4 = `thesis.mw'.

\openout4 = `thesis.mw'.

\openout4 = `thesis.mw'.

\openout4 = `thesis.mw'.

\openout4 = `thesis.mw'.

\openout4 = `thesis.mw'.

\openout4 = `thesis.mw'.

\openout4 = `thesis.mw'.

\openout4 = `thesis.mw'.

\openout4 = `thesis.mw'.

\openout4 = `thesis.mw'.

\openout4 = `thesis.mw'.

\openout4 = `thesis.mw'.

\openout4 = `thesis.mw'.

\openout4 = `thesis.mw'.

\openout4 = `thesis.mw'.

\openout4 = `thesis.mw'.

\openout4 = `thesis.mw'.

\openout4 = `thesis.mw'.

\openout4 = `thesis.mw'.

\openout4 = `thesis.mw'.

\openout4 = `thesis.mw'.

\openout4 = `thesis.mw'.

\openout4 = `thesis.mw'.

\openout4 = `thesis.mw'.

\openout4 = `thesis.mw'.

\openout4 = `thesis.mw'.

\openout4 = `thesis.mw'.

\openout4 = `thesis.mw'.

\openout4 = `thesis.mw'.

\openout4 = `thesis.mw'.

\openout4 = `thesis.mw'.

\openout4 = `thesis.mw'.

\openout4 = `thesis.mw'.

\openout4 = `thesis.mw'.

\openout4 = `thesis.mw'.

\openout4 = `thesis.mw'.

\openout4 = `thesis.mw'.

\openout4 = `thesis.mw'.

\openout4 = `thesis.mw'.

\openout4 = `thesis.mw'.

\openout4 = `thesis.mw'.

\openout4 = `thesis.mw'.

\openout4 = `thesis.mw'.

\openout4 = `thesis.mw'.

\openout4 = `thesis.mw'.

\openout4 = `thesis.mw'.

\openout4 = `thesis.mw'.

\openout4 = `thesis.mw'.

\openout4 = `thesis.mw'.

\openout4 = `thesis.mw'.

\openout4 = `thesis.mw'.

\openout4 = `thesis.mw'.

\openout4 = `thesis.mw'.

\openout4 = `thesis.mw'.

\openout4 = `thesis.mw'.

\openout4 = `thesis.mw'.

\openout4 = `thesis.mw'.

\openout4 = `thesis.mw'.

\openout4 = `thesis.mw'.

\openout4 = `thesis.mw'.

\openout4 = `thesis.mw'.

\openout4 = `thesis.mw'.

\openout4 = `thesis.mw'.

\openout4 = `thesis.mw'.

\openout4 = `thesis.mw'.

\openout4 = `thesis.mw'.

\openout4 = `thesis.mw'.

\openout4 = `thesis.mw'.

\openout4 = `thesis.mw'.

\openout4 = `thesis.mw'.

\openout4 = `thesis.mw'.

\openout4 = `thesis.mw'.

\openout4 = `thesis.mw'.

\openout4 = `thesis.mw'.

\openout4 = `thesis.mw'.

\openout4 = `thesis.mw'.

\openout4 = `thesis.mw'.

\openout4 = `thesis.mw'.

\openout4 = `thesis.mw'.

\openout4 = `thesis.mw'.

\openout4 = `thesis.mw'.

\openout4 = `thesis.mw'.

\openout4 = `thesis.mw'.

\openout4 = `thesis.mw'.

\openout4 = `thesis.mw'.

\openout4 = `thesis.mw'.

\openout4 = `thesis.mw'.

\openout4 = `thesis.mw'.

\openout4 = `thesis.mw'.

\openout4 = `thesis.mw'.

\openout4 = `thesis.mw'.

\openout4 = `thesis.mw'.

\openout4 = `thesis.mw'.

\openout4 = `thesis.mw'.

\openout4 = `thesis.mw'.

)
No file thesis.gls.
<packages/contra-capa.pdf, id=1327, 597.51233pt x 845.0471pt>
File: packages/contra-capa.pdf Graphic file (type pdf)
<use packages/contra-capa.pdf>
Package pdftex.def Info: packages/contra-capa.pdf  used on input line 217.
(pdftex.def)             Requested size: 597.51086pt x 845.04504pt.
<packages/contra-capa.pdf, id=1329, page=1, 597.51233pt x 845.0471pt>
File: packages/contra-capa.pdf Graphic file (type pdf)
<use packages/contra-capa.pdf, page 1>
Package pdftex.def Info: packages/contra-capa.pdf , page1 used on input line 21
7.
(pdftex.def)             Requested size: 597.51086pt x 845.04504pt.
File: packages/contra-capa.pdf Graphic file (type pdf)
<use packages/contra-capa.pdf, page 1>
Package pdftex.def Info: packages/contra-capa.pdf , page1 used on input line 21
7.
(pdftex.def)             Requested size: 597.53821pt x 845.08372pt.
\openout4 = `thesis.mw'.

[96] (./thesis.mw)
\openout4 = `thesis.mw'.

\openout4 = `thesis.mw'.

\openout4 = `thesis.mw'.

\openout4 = `thesis.mw'.

\openout4 = `thesis.mw'.

\openout4 = `thesis.mw'.

\openout4 = `thesis.mw'.

\openout4 = `thesis.mw'.

\openout4 = `thesis.mw'.

\openout4 = `thesis.mw'.

\openout4 = `thesis.mw'.

\openout4 = `thesis.mw'.

\openout4 = `thesis.mw'.

\openout4 = `thesis.mw'.

\openout4 = `thesis.mw'.

\openout4 = `thesis.mw'.

\openout4 = `thesis.mw'.

\openout4 = `thesis.mw'.

\openout4 = `thesis.mw'.

\openout4 = `thesis.mw'.

\openout4 = `thesis.mw'.

\openout4 = `thesis.glsdefs'.

File: packages/contra-capa.pdf Graphic file (type pdf)
<use packages/contra-capa.pdf, page 1>
Package pdftex.def Info: packages/contra-capa.pdf , page1 used on input line 21
7.
(pdftex.def)             Requested size: 597.53821pt x 845.08372pt.
File: packages/contra-capa.pdf Graphic file (type pdf)
<use packages/contra-capa.pdf, page 1>
Package pdftex.def Info: packages/contra-capa.pdf , page1 used on input line 21
7.
(pdftex.def)             Requested size: 597.53821pt x 845.08372pt.
File: packages/contra-capa.pdf Graphic file (type pdf)
<use packages/contra-capa.pdf, page 1>
Package pdftex.def Info: packages/contra-capa.pdf , page1 used on input line 21
7.
(pdftex.def)             Requested size: 597.53821pt x 845.08372pt.
\openout4 = `thesis.mw'.

 [97

 <./packages/contra-capa.pdf>] (./thesis.mw)
\openout4 = `thesis.mw'.

\tf@lof=\write137
\openout4 = `thesis.lof'.

\tf@los=\write138
\openout4 = `thesis.los'.

\tf@toc=\write139
\openout4 = `thesis.toc'.



enddocument/afterlastpage (AED): lastpage setting LastPage.
(./thesis.aux
\openout4 = `thesis.mw'.

\openout4 = `thesis.mw'.

\openout4 = `thesis.mw'.

\openout4 = `thesis.mw'.

\openout4 = `thesis.mw'.

\openout4 = `thesis.mw'.

\openout4 = `thesis.mw'.

\openout4 = `thesis.mw'.

\openout4 = `thesis.mw'.

\openout4 = `thesis.mw'.

\openout4 = `thesis.mw'.

\openout4 = `thesis.mw'.

\openout4 = `thesis.mw'.

\openout4 = `thesis.mw'.

\openout4 = `thesis.mw'.

\openout4 = `thesis.mw'.

\openout4 = `thesis.mw'.

\openout4 = `thesis.mw'.

\openout4 = `thesis.mw'.

\openout4 = `thesis.mw'.

\openout4 = `thesis.mw'.

\openout4 = `thesis.mw'.

\openout4 = `thesis.mw'.

\openout4 = `thesis.mw'.

\openout4 = `thesis.mw'.

\openout4 = `thesis.mw'.

\openout4 = `thesis.mw'.

\openout4 = `thesis.mw'.

\openout4 = `thesis.mw'.

\openout4 = `thesis.mw'.

\openout4 = `thesis.mw'.

\openout4 = `thesis.mw'.

\openout4 = `thesis.mw'.

\openout4 = `thesis.mw'.

\openout4 = `thesis.mw'.

\openout4 = `thesis.mw'.

\openout4 = `thesis.mw'.

\openout4 = `thesis.mw'.

\openout4 = `thesis.mw'.

\openout4 = `thesis.mw'.

\openout4 = `thesis.mw'.

\openout4 = `thesis.mw'.

\openout4 = `thesis.mw'.

\openout4 = `thesis.mw'.

\openout4 = `thesis.mw'.

\openout4 = `thesis.mw'.

\openout4 = `thesis.mw'.

\openout4 = `thesis.mw'.

\openout4 = `thesis.mw'.

\openout4 = `thesis.mw'.

\openout4 = `thesis.mw'.

\openout4 = `thesis.mw'.

\openout4 = `thesis.mw'.

\openout4 = `thesis.mw'.

\openout4 = `thesis.mw'.

\openout4 = `thesis.mw'.

\openout4 = `thesis.mw'.

\openout4 = `thesis.mw'.

\openout4 = `thesis.mw'.

\openout4 = `thesis.mw'.

\openout4 = `thesis.mw'.

\openout4 = `thesis.mw'.

\openout4 = `thesis.mw'.

\openout4 = `thesis.mw'.

\openout4 = `thesis.mw'.

\openout4 = `thesis.mw'.

\openout4 = `thesis.mw'.

\openout4 = `thesis.mw'.

\openout4 = `thesis.mw'.

\openout4 = `thesis.mw'.

\openout4 = `thesis.mw'.

\openout4 = `thesis.mw'.

\openout4 = `thesis.mw'.

\openout4 = `thesis.mw'.

\openout4 = `thesis.mw'.

\openout4 = `thesis.mw'.

\openout4 = `thesis.mw'.

\openout4 = `thesis.mw'.

\openout4 = `thesis.mw'.

\openout4 = `thesis.mw'.

\openout4 = `thesis.mw'.

\openout4 = `thesis.mw'.

\openout4 = `thesis.mw'.

\openout4 = `thesis.mw'.

\openout4 = `thesis.mw'.

\openout4 = `thesis.mw'.

\openout4 = `thesis.mw'.

\openout4 = `thesis.mw'.

\openout4 = `thesis.mw'.

\openout4 = `thesis.mw'.

\openout4 = `thesis.mw'.

\openout4 = `thesis.mw'.

\openout4 = `thesis.mw'.

\openout4 = `thesis.mw'.

\openout4 = `thesis.mw'.

\openout4 = `thesis.mw'.

\openout4 = `thesis.mw'.

\openout4 = `thesis.mw'.

\openout4 = `thesis.mw'.

\openout4 = `thesis.mw'.

\openout4 = `thesis.mw'.

\openout4 = `thesis.mw'.

\openout4 = `thesis.mw'.

\openout4 = `thesis.mw'.

\openout4 = `thesis.mw'.

\openout4 = `thesis.mw'.

\openout4 = `thesis.mw'.

\openout4 = `thesis.mw'.

\openout4 = `thesis.mw'.

\openout4 = `thesis.mw'.

\openout4 = `thesis.mw'.

\openout4 = `thesis.mw'.

\openout4 = `thesis.mw'.

\openout4 = `thesis.mw'.

\openout4 = `thesis.mw'.

\openout4 = `thesis.mw'.

\openout4 = `thesis.mw'.

\openout4 = `thesis.mw'.

\openout4 = `thesis.mw'.

\openout4 = `thesis.mw'.

\openout4 = `thesis.mw'.

\openout4 = `thesis.mw'.

\openout4 = `thesis.mw'.

\openout4 = `thesis.mw'.

\openout4 = `thesis.mw'.

\openout4 = `thesis.mw'.

\openout4 = `thesis.mw'.

\openout4 = `thesis.mw'.

\openout4 = `thesis.mw'.

\openout4 = `thesis.mw'.

\openout4 = `thesis.mw'.

\openout4 = `thesis.mw'.

\openout4 = `thesis.mw'.

\openout4 = `thesis.mw'.

\openout4 = `thesis.mw'.

\openout4 = `thesis.mw'.

\openout4 = `thesis.mw'.

\openout4 = `thesis.mw'.

\openout4 = `thesis.mw'.

\openout4 = `thesis.mw'.

\openout4 = `thesis.mw'.

\openout4 = `thesis.mw'.

\openout4 = `thesis.mw'.

\openout4 = `thesis.mw'.

\openout4 = `thesis.mw'.

\openout4 = `thesis.mw'.

\openout4 = `thesis.mw'.

\openout4 = `thesis.mw'.

\openout4 = `thesis.mw'.

\openout4 = `thesis.mw'.

\openout4 = `thesis.mw'.

\openout4 = `thesis.mw'.

\openout4 = `thesis.mw'.

\openout4 = `thesis.mw'.

\openout4 = `thesis.mw'.

\openout4 = `thesis.mw'.

\openout4 = `thesis.mw'.

\openout4 = `thesis.mw'.

\openout4 = `thesis.mw'.

\openout4 = `thesis.mw'.

\openout4 = `thesis.mw'.

\openout4 = `thesis.mw'.

\openout4 = `thesis.mw'.

\openout4 = `thesis.mw'.

\openout4 = `thesis.mw'.

\openout4 = `thesis.mw'.

\openout4 = `thesis.mw'.

\openout4 = `thesis.mw'.

\openout4 = `thesis.mw'.

\openout4 = `thesis.mw'.

\openout4 = `thesis.mw'.

\openout4 = `thesis.mw'.

\openout4 = `thesis.mw'.

\openout4 = `thesis.mw'.

\openout4 = `thesis.mw'.

\openout4 = `thesis.mw'.

\openout4 = `thesis.mw'.

\openout4 = `thesis.mw'.

\openout4 = `thesis.mw'.

\openout4 = `thesis.mw'.

\openout4 = `thesis.mw'.

\openout4 = `thesis.mw'.

)
 ***********
LaTeX2e <2025-11-01>
L3 programming layer <2020/03/25>
 ***********


LaTeX Warning: There were undefined references.


LaTeX Warning: There were multiply-defined labels.

\openout4 = `thesis.brf'.

Package rerunfilecheck Info: File `thesis.brf' has not changed.
(rerunfilecheck)             Checksum: 1C22349B214D06E63015DBA95A721799;1281.
\openout4 = `thesis.nlo'.

\openout4 = `thesis.glo'.

\openout4 = `thesis.idx'.

\openout4 = `thesis.lof'.

\openout4 = `thesis.los'.

\openout4 = `thesis.toc'.

 ) 
Here is how much of TeX's memory you used:
 55980 strings out of 469515
 1017233 string characters out of 5470807
 1666735 words of memory out of 5000000
 80986 multiletter control sequences out of 15000+600000
 807771 words of font info for 552 fonts, out of 8000000 for 9000
 14 hyphenation exceptions out of 8191
 125i,19n,122p,3252b,919s stack positions out of 10000i,1000n,20000p,200000b,200000s
</usr/share/texmf-dist/fonts/type1/public/newtx/NewTXMI.pfb></usr/share/texmf
-dist/fonts/type1/public/newtx/NewTXMI7.pfb></usr/share/texmf-dist/fonts/type1/
public/lm/lmss12.pfb></usr/share/texmf-dist/fonts/type1/public/lm/lmssbo10.pfb>
</usr/share/texmf-dist/fonts/type1/public/lm/lmssbx10.pfb></usr/share/texmf-dis
t/fonts/type1/public/lm/lmsso12.pfb></usr/share/texmf-dist/fonts/type1/public/l
m/lmtt12.pfb></usr/share/texmf-dist/fonts/type1/public/newtx/txexs.pfb></usr/sh
are/texmf-dist/fonts/type1/public/newtx/txmiaSTbb.pfb></usr/share/texmf-dist/fo
nts/type1/public/newtx/txmiaX.pfb></usr/share/texmf-dist/fonts/type1/public/txf
onts/txsyc.pfb></usr/share/texmf-dist/fonts/type1/public/newtx/txsym.pfb></usr/
share/texmf-dist/fonts/type1/public/newtx/txsys.pfb></usr/share/texmf-dist/font
s/type1/urw/helvetic/uhvb8a.pfb></usr/share/texmf-dist/fonts/type1/urw/helvetic
/uhvr8a.pfb></usr/share/texmf-dist/fonts/type1/urw/helvetic/uhvro8a.pfb></usr/s
hare/texmf-dist/fonts/type1/urw/times/utmb8a.pfb></usr/share/texmf-dist/fonts/t
ype1/urw/times/utmbi8a.pfb></usr/share/texmf-dist/fonts/type1/urw/times/utmr8a.
pfb></usr/share/texmf-dist/fonts/type1/urw/times/utmri8a.pfb></usr/share/texmf-
dist/fonts/type1/public/newtx/ztmr.pfb></usr/share/texmf-dist/fonts/type1/publi
c/newtx/ztmri.pfb>
Output written on thesis.pdf (99 pages, 777631 bytes).
PDF statistics:
 1744 PDF objects out of 2073 (max. 8388607)
 1566 compressed objects within 16 object streams
 752 named destinations out of 1000 (max. 500000)
 128447 words of extra memory for PDF output out of 154059 (max. 10000000)

