This is pdfTeX, Version 3.141592653-2.6-1.40.29 (TeX Live 2026/Arch Linux) (preloaded format=pdflatex 2026.3.19)  6 MAY 2026 10:32
entering extended mode
 \write18 enabled.
 %&-line parsing enabled.
**thesis.tex
(./thesis.tex
LaTeX2e <2025-11-01>
L3 programming layer <2026-01-19>
(./packages/icmc.cls
Document Class: packages/icmc 2017/10/17 v1.3.7 Classe ICMC baseado em abnTeX2 
- Teses e Dissertacoes dos Programas de Pos-graduacao do Instituto de Ciencias 
Matematicas e de Computacao
(/usr/share/texmf-dist/tex/latex/xifthen/xifthen.sty
Package: xifthen 2015/11/05 v1.4.0 Extended ifthen features

(/usr/share/texmf-dist/tex/latex/tools/calc.sty
Package: calc 2025/03/01 v4.3b Infix arithmetic (KKT,FJ)
\calc@Acount=\count275
\calc@Bcount=\count276
\calc@Adimen=\dimen148
\calc@Bdimen=\dimen149
\calc@Askip=\skip49
\calc@Bskip=\skip50
LaTeX Info: Redefining \setlength on input line 86.
LaTeX Info: Redefining \addtolength on input line 87.
\calc@Ccount=\count277
\calc@Cskip=\skip51
)
(/usr/share/texmf-dist/tex/latex/base/ifthen.sty
Package: ifthen 2024/03/16 v1.1e Standard LaTeX ifthen package (DPC)
)
(/usr/share/texmf-dist/tex/latex/ifmtarg/ifmtarg.sty
Package: ifmtarg 2018/04/16 v1.2b check for an empty argument
))
(/usr/share/texmf-dist/tex/generic/iftex/ifxetex.sty
Package: ifxetex 2019/10/25 v0.7 ifxetex legacy package. Use iftex instead.

(/usr/share/texmf-dist/tex/generic/iftex/iftex.sty
Package: iftex 2024/12/12 v1.0g TeX engine tests
))
(/usr/share/texmf-dist/tex/generic/iftex/ifluatex.sty
Package: ifluatex 2019/10/25 v1.5 ifluatex legacy package. Use iftex instead.
)
(/usr/share/texmf-dist/tex/latex/abntex2/abntex2.cls
Document Class: abntex2 2018/11/24 v-1.9.7 abnTeX2
(/usr/share/texmf-dist/tex/latex/memoir/memoir.cls
Document Class: memoir 2025/11/04 v3.8.4b configurable book, report, article do
cument class
(/usr/share/texmf-dist/tex/latex/xpatch/xpatch.sty
(/usr/share/texmf-dist/tex/latex/l3kernel/expl3.sty
Package: expl3 2026-01-19 L3 programming layer (loader) 

(/usr/share/texmf-dist/tex/latex/l3backend/l3backend-pdftex.def
File: l3backend-pdftex.def 2025-10-09 L3 backend support: PDF output (pdfTeX)
\l__color_backend_stack_int=\count278
))
Package: xpatch 2020/03/25 v0.3a Extending etoolbox patching commands

(/usr/share/texmf-dist/tex/latex/l3packages/xparse/xparse.sty
Package: xparse 2025-10-09 L3 Experimental document command parser
)
(/usr/share/texmf-dist/tex/latex/etoolbox/etoolbox.sty
Package: etoolbox 2025/10/02 v2.5m e-TeX tools for LaTeX (JAW)
\etb@tempcnta=\count279
))
\onelineskip=\skip52
\lxvchars=\skip53
\xlvchars=\skip54
\@memcnta=\count280
\c@@memmarkcntra=\count281
\trimtop=\skip55
\trimedge=\skip56

(/usr/share/texmf-dist/tex/latex/memoir/mem12.clo
File: mem12.clo 2022/07/29 v0.5 memoir class 12pt size option
)
\binding=\skip57
\spinemargin=\skip58
\foremargin=\skip59
\uppermargin=\skip60
\lowermargin=\skip61
\headdrop=\skip62
\normalrulethickness=\skip63
\mem@maxheadheight=\skip64
\mem@maxfootheight=\skip65
\headwidth=\skip66
\c@storedpagenumber=\count282
\memPD=\dimen150
\m@mabparskip=\skip67
\thanksmarkwidth=\skip68
\thanksmarksep=\skip69
\droptitle=\skip70
\c@book=\count283
\c@part=\count284
\c@chapter=\count285
\c@section=\count286
\c@subsection=\count287
\c@subsubsection=\count288
\c@paragraph=\count289
\c@subparagraph=\count290
\beforechapskip=\skip71
\midchapskip=\skip72
\afterchapskip=\skip73
\chapindent=\skip74
\bottomsectionskip=\skip75
\secindent=\skip76
\beforesecskip=\skip77
\aftersecskip=\skip78
\subsecindent=\skip79
\beforesubsecskip=\skip80
\aftersubsecskip=\skip81
\subsubsecindent=\skip82
\beforesubsubsecskip=\skip83
\aftersubsubsecskip=\skip84
\paraindent=\skip85
\beforeparaskip=\skip86
\afterparaskip=\skip87
\subparaindent=\skip88
\beforesubparaskip=\skip89
\aftersubparaskip=\skip90
\pfbreakskip=\skip91
\c@@ppsavesec=\count291
\c@@ppsaveapp=\count292
\ragrparindent=\dimen151
\everylistparindent=\dimen152
\parsepi=\skip92
\topsepi=\skip93
\itemsepi=\skip94
\parsepii=\skip95
\topsepii=\skip96
\topsepiii=\skip97
\itemsepii=\skip98
\itemsepiii=\skip99
\partopsepii=\skip100
\partopsepiii=\skip101
\m@msavetopsep=\skip102
\m@msavepartopsep=\skip103
\@enLab=\toks17
\abstitleskip=\skip104
\absleftindent=\skip105
\abs@leftindent=\dimen153
\absrightindent=\skip106
\absparindent=\skip107
\absparsep=\skip108
\c@vslineno=\count293
\c@poemline=\count294
\c@modulo@vs=\count295
\c@memfvsline=\count296
\vleftskip=\skip109
\vrightskip=\skip110
\stanzaskip=\skip111
\versewidth=\skip112
\vgap=\skip113
\vindent=\skip114
\vleftmargin=\dimen154
\c@verse=\count297
\c@chrsinstr=\count298
\beforepoemtitleskip=\skip115
\afterpoemtitleskip=\skip116
\c@poem=\count299
\beforePoemTitleskip=\skip117
\midPoemTitleskip=\skip118
\afterPoemTitleskip=\skip119

(/usr/share/texmf-dist/tex/latex/tools/array.sty
Package: array 2025/09/25 v2.6n Tabular extension package (FMi)
\col@sep=\dimen155
\ar@mcellbox=\box53
\extrarowheight=\dimen156
\NC@list=\toks18
\extratabsurround=\skip120
\backup@length=\skip121
\ar@cellbox=\box54
)
(/usr/share/texmf-dist/tex/latex/tools/dcolumn.sty
Package: dcolumn 2025/10/21 v1.06 decimal alignment package (DPC)
)
(/usr/share/texmf-dist/tex/latex/tools/delarray.sty
Package: delarray 2014/10/28 v1.01 array delimiter package (DPC)
)
(/usr/share/texmf-dist/tex/latex/tools/tabularx.sty
Package: tabularx 2023/12/11 v2.12a `tabularx' package (DPC)
\TX@col@width=\dimen157
\TX@old@table=\dimen158
\TX@old@col=\dimen159
\TX@target=\dimen160
\TX@delta=\dimen161
\TX@cols=\count300
\TX@ftn=\toks19
)
(/usr/share/texmf-dist/tex/latex/booktabs/booktabs.sty
Package: booktabs 2020/01/12 v1.61803398 Publication quality tables
\heavyrulewidth=\dimen162
\lightrulewidth=\dimen163
\cmidrulewidth=\dimen164
\belowrulesep=\dimen165
\belowbottomsep=\dimen166
\aboverulesep=\dimen167
\abovetopsep=\dimen168
\cmidrulesep=\dimen169
\cmidrulekern=\dimen170
\defaultaddspace=\dimen171
\@cmidla=\count301
\@cmidlb=\count302
\@aboverulesep=\dimen172
\@belowrulesep=\dimen173
\@thisruleclass=\count303
\@lastruleclass=\count304
\@thisrulewidth=\dimen174
)
\ctableftskip=\skip122
\ctabrightskip=\skip123
\abovecolumnspenalty=\count305
\@linestogo=\count306
\@cellstogo=\count307
\@cellsincolumn=\count308
\crtok=\toks20
\@mincolumnwidth=\dimen175
\c@newflo@tctr=\count309
\mem@margin@floatbox=\box55
\@contcwidth=\skip124
\@contindw=\skip125
\abovecaptionskip=\skip126
\belowcaptionskip=\skip127
\subfloattopskip=\skip128
\subfloatcapskip=\skip129
\subfloatcaptopadj=\skip130
\subfloatbottomskip=\skip131
\subfloatlabelskip=\skip132
\subfloatcapmargin=\dimen176
\c@@contsubnum=\count310
\m@mscap@capbox=\box56
\m@mscap@fbox=\box57
\sidecapsep=\dimen177
\sidecapwidth=\dimen178
\m@m@tempdima=\dimen179
\m@mscapraise=\dimen180
\sidecapraise=\dimen181
\m@mscapmainwidth=\dimen182
\m@mscaplkern=\dimen183
\beforeepigraphskip=\skip133
\afterepigraphskip=\skip134
\epigraphwidth=\skip135
\epigraphrule=\skip136

(/usr/share/texmf-dist/tex/latex/hyperref/nameref.sty
Package: nameref 2026-01-29 v2.58 Cross-referencing by name of section

(/usr/share/texmf-dist/tex/latex/refcount/refcount.sty
Package: refcount 2019/12/15 v3.6 Data extraction from label references (HO)

(/usr/share/texmf-dist/tex/generic/ltxcmds/ltxcmds.sty
Package: ltxcmds 2023-12-04 v1.26 LaTeX kernel commands for general use (HO)
)
(/usr/share/texmf-dist/tex/generic/infwarerr/infwarerr.sty
Package: infwarerr 2019/12/03 v1.5 Providing info/warning/error messages (HO)
))
(/usr/share/texmf-dist/tex/generic/gettitlestring/gettitlestring.sty
Package: gettitlestring 2019/12/15 v1.6 Cleanup title references (HO)

(/usr/share/texmf-dist/tex/latex/kvoptions/kvoptions.sty
Package: kvoptions 2022-06-15 v3.15 Key value format for package options (HO)

(/usr/share/texmf-dist/tex/latex/graphics/keyval.sty
Package: keyval 2022/05/29 v1.15 key=value parser (DPC)
\KV@toks@=\toks21
)
(/usr/share/texmf-dist/tex/latex/kvsetkeys/kvsetkeys.sty
Package: kvsetkeys 2022-10-05 v1.19 Key value parser (HO)
)))
\c@section@level=\count311
)
\tocentryskip=\skip137
\tocbaseline=\skip138
\cftparskip=\skip139
\cftbeforebookskip=\skip140
\cftbookindent=\dimen184
\cftbooknumwidth=\dimen185
\cftbeforepartskip=\skip141
\cftpartindent=\skip142
\cftpartnumwidth=\skip143
\cftbeforechapterskip=\skip144
\cftchapterindent=\skip145
\cftchapternumwidth=\skip146
\cftbeforesectionskip=\skip147
\cftsectionindent=\skip148
\cftsectionnumwidth=\skip149
\cftbeforesubsectionskip=\skip150
\cftsubsectionindent=\skip151
\cftsubsectionnumwidth=\skip152
\cftbeforesubsubsectionskip=\skip153
\cftsubsubsectionindent=\skip154
\cftsubsubsectionnumwidth=\skip155
\cftbeforeparagraphskip=\skip156
\cftparagraphindent=\skip157
\cftparagraphnumwidth=\skip158
\cftbeforesubparagraphskip=\skip159
\cftsubparagraphindent=\skip160
\cftsubparagraphnumwidth=\skip161
\prechapterprecisshift=\dimen186
\c@maxsecnumdepth=\count312
\bibindent=\dimen187
\bibitemsep=\skip162
\indexcolsep=\skip163
\indexrule=\skip164
\indexmarkstyle=\toks22
\@indexbox=\insert252
LaTeX Info: Redefining \raggedbottom on input line 8095.
LaTeX Info: Redefining \flushbottom on input line 8099.
\glossarycolsep=\dimen188
\glossaryrule=\dimen189
\sideparvshift=\skip165
\sideins=\insert251
\sidebartopsep=\skip166
\sidebarhsep=\skip167
\sidebarvsep=\skip168
\sidebarwidth=\skip169
\footmarkwidth=\skip170
\footmarksep=\skip171
\footparindent=\skip172
\footinsdim=\skip173
\footinsv@r=\insert250
\@mpfootinsv@r=\insert249
\m@m@k=\count313
\m@m@h=\dimen190
\m@mipn@skip=\skip174
\sidefootins=\insert248
\sidefootadjust=\skip175
\sidefootheight=\skip176
\sidefoothsep=\skip177
\sidefootvsep=\skip178
\sidefootwidth=\skip179
\m@mdownsf=\skip180
\c@sidefootnote=\count314
\sidefootmarkwidth=\skip181
\sidefootmarksep=\skip182
\sidefootparindent=\skip183
\c@pagenote=\count315
\c@pagenoteshadow=\count316
\mem@pn@lastkern=\skip184

(/usr/share/texmf-dist/tex/latex/tools/verbatim.sty
Package: verbatim 2024-01-22 v1.5x LaTeX2e package for verbatim enhancements
\every@verbatim=\toks23
\verbatim@line=\toks24
\verbatim@in@stream=\read2
)
\verbatimindent=\skip185
\verbatim@out=\write3

(/usr/share/texmf-dist/tex/latex/base/shortvrb.sty
Package: shortvrb 2024/12/25 v3.0q Standard LaTeX documentation package V3 (FMi
)
)
\bvboxsep=\skip186
\c@memfbvline=\count317
\c@bvlinectr=\count318
\bvnumlength=\skip187
\fb@frw=\dimen191
\fb@frh=\dimen192
\FrameRule=\dimen193
\FrameSep=\dimen194
\c@cp@cntr=\count319
\c@ism@mctr=\count320
\c@xsm@mctr=\count321
\c@csm@mctr=\count322
\c@ksm@mctr=\count323
\c@xksm@mctr=\count324
\c@cksm@mctr=\count325
\c@msm@mctr=\count326
\c@xmsm@mctr=\count327
\c@cmsm@mctr=\count328
\c@bsm@mctr=\count329
\c@workm@mctr=\count330
\c@sheetsequence=\count331
\c@lastsheet=\count332
\c@lastpage=\count333
\c@figure=\count334
\c@lofdepth=\count335
\cftbeforefigureskip=\skip188
\cftfigureindent=\skip189
\cftfigurenumwidth=\skip190
\c@table=\count336
\c@lotdepth=\count337
\cftbeforetableskip=\skip191
\cfttableindent=\skip192
\cfttablenumwidth=\skip193
Package abstract [2008/07/23] emulated by memoir.
Package appendix [2008/07/23] emulated by memoir.
Package ccaption [2008/07/23] emulated by memoir.
Package changepage [2008/07/23] emulated by memoir.
Package chngcntr [2008/07/23] emulated by memoir.
Package chngpage [2008/07/23] emulated by memoir.
Package crop emulated by memoir.
Package enumerate [2008/07/23] emulated by memoir.
Package epigraph [2008/07/23] emulated by memoir.
Package ifmtarg [2008/07/23] emulated by memoir.
Package index [2008/07/23] emulated by memoir.
Package makeidx [2008/07/23] emulated by memoir.
Package moreverb [2008/07/23] emulated by memoir.
Package needspace [2008/07/23] emulated by memoir.
Package newfile [2008/07/23] emulated by memoir.
Package nextpage [2008/07/23] emulated by memoir.
Package pagenote [2008/07/23] emulated by memoir.
Package parskip [2008/07/23] emulated by memoir.
Package patchcmd [2008/07/23] emulated by memoir.
Package setspace [2008/07/23] emulated by memoir.
Package showidx [2008/07/23] emulated by memoir.
Package titleref [2008/07/23] emulated by memoir.
Package titling [2008/07/23] emulated by memoir.
Package tocbibind [2008/07/23] emulated by memoir.
Package tocloft [2008/07/23] emulated by memoir.
Package tocvsec2 [2008/07/23] emulated by memoir.
Package verse [2008/07/23] emulated by memoir.
)
(/usr/share/texmf-dist/tex/latex/textcase/textcase.sty
Package: textcase 2025/02/16 v1.05 Text only upper/lower case changing (DPC)
Package textcase Info: Defining Legacy names on input line 20.
)
(/usr/share/texmf-dist/tex/latex/hyperref/hyperref.sty
Package: hyperref 2026-01-29 v7.01p Hypertext links for LaTeX

(/usr/share/texmf-dist/tex/generic/kvdefinekeys/kvdefinekeys.sty
Package: kvdefinekeys 2019-12-19 v1.6 Define keys (HO)
)
(/usr/share/texmf-dist/tex/generic/pdfescape/pdfescape.sty
Package: pdfescape 2019/12/09 v1.15 Implements pdfTeX's escape features (HO)

(/usr/share/texmf-dist/tex/generic/pdftexcmds/pdftexcmds.sty
Package: pdftexcmds 2020-06-27 v0.33 Utility functions of pdfTeX for LuaTeX (HO
)
Package pdftexcmds Info: \pdf@primitive is available.
Package pdftexcmds Info: \pdf@ifprimitive is available.
Package pdftexcmds Info: \pdfdraftmode found.
))
(/usr/share/texmf-dist/tex/latex/hycolor/hycolor.sty
Package: hycolor 2020-01-27 v1.10 Color options for hyperref/bookmark (HO)
)
(/usr/share/texmf-dist/tex/generic/stringenc/stringenc.sty
Package: stringenc 2019/11/29 v1.12 Convert strings between diff. encodings (HO
)
)
\@linkdim=\dimen195
\Hy@linkcounter=\count338
\Hy@pagecounter=\count339

(/usr/share/texmf-dist/tex/latex/hyperref/pd1enc.def
File: pd1enc.def 2026-01-29 v7.01p Hyperref: PDFDocEncoding definition (HO)
Now handling font encoding PD1 ...
... no UTF-8 mapping file for font encoding PD1
)
(/usr/share/texmf-dist/tex/generic/intcalc/intcalc.sty
Package: intcalc 2019/12/15 v1.3 Expandable calculations with integers (HO)
)
\Hy@SavedSpaceFactor=\count340

(/usr/share/texmf-dist/tex/latex/hyperref/puenc.def
File: puenc.def 2026-01-29 v7.01p Hyperref: PDF Unicode definition (HO)
Now handling font encoding PU ...
... no UTF-8 mapping file for font encoding PU
)
Package hyperref Info: Hyper figures OFF on input line 4201.
Package hyperref Info: Link nesting OFF on input line 4206.
Package hyperref Info: Hyper index ON on input line 4209.
Package hyperref Info: Plain pages OFF on input line 4216.
Package hyperref Info: Backreferencing OFF on input line 4221.
Package hyperref Info: Implicit mode ON; LaTeX internals redefined.
Package hyperref Info: Bookmarks ON on input line 4468.
\c@Hy@tempcnt=\count341

(/usr/share/texmf-dist/tex/latex/url/url.sty
\Urlmuskip=\muskip17
Package: url 2013/09/16  ver 3.4  Verb mode for urls, etc.
)
LaTeX Info: Redefining \url on input line 4807.
\XeTeXLinkMargin=\dimen196

(/usr/share/texmf-dist/tex/generic/bitset/bitset.sty
Package: bitset 2019/12/09 v1.3 Handle bit-vector datatype (HO)

(/usr/share/texmf-dist/tex/generic/bigintcalc/bigintcalc.sty
Package: bigintcalc 2019/12/15 v1.5 Expandable calculations on big integers (HO
)
))
\Fld@menulength=\count342
\Field@Width=\dimen197
\Fld@charsize=\dimen198
Package hyperref Info: Hyper figures OFF on input line 6084.
Package hyperref Info: Link nesting OFF on input line 6089.
Package hyperref Info: Hyper index ON on input line 6092.
Package hyperref Info: backreferencing OFF on input line 6099.
Package hyperref Info: Link coloring OFF on input line 6104.
Package hyperref Info: Link coloring with OCG OFF on input line 6109.
Package hyperref Info: PDF/A mode OFF on input line 6114.
\Hy@abspage=\count343
\c@Item=\count344
\c@Hfootnote=\count345
)
Package hyperref Info: Driver (autodetected): hpdftex.

(/usr/share/texmf-dist/tex/latex/hyperref/hpdftex.def
File: hpdftex.def 2026-01-29 v7.01p Hyperref driver for pdfTeX
\Fld@listcount=\count346
\c@bookmark@seq@number=\count347

(/usr/share/texmf-dist/tex/latex/rerunfilecheck/rerunfilecheck.sty
Package: rerunfilecheck 2025-06-21 v1.11 Rerun checks for auxiliary files (HO)

(/usr/share/texmf-dist/tex/generic/uniquecounter/uniquecounter.sty
Package: uniquecounter 2019/12/15 v1.4 Provide unlimited unique counter (HO)
)
Package uniquecounter Info: New unique counter `rerunfilecheck' on input line 2
84.
)
\Hy@SectionHShift=\skip194
)
(/usr/share/texmf-dist/tex/latex/memoir/memhfixc.sty
Package: memhfixc 2025/09/16 v1.24 hyperref package fixes for memoir class
\c@memhycontfloat=\count348
\c@mem@Hpagenote=\count349
)
(/usr/share/texmf-dist/tex/latex/bookmark/bookmark.sty
Package: bookmark 2023-12-10 v1.31 PDF bookmarks (HO)

(/usr/share/texmf-dist/tex/latex/bookmark/bkm-pdftex.def
File: bkm-pdftex.def 2023-12-10 v1.31 bookmark driver for pdfTeX and luaTeX (HO
)
\BKM@id=\count350
))
(/usr/share/texmf-dist/tex/generic/babel/babel.sty
Package: babel 2026/02/14 v26.3 The multilingual framework for LuaLaTeX, pdfLaT
eX and XeLaTeX
\babel@savecnt=\count351
LaTeX Encoding Info:    Redeclaring text command \ij (encoding OT1) on input li
ne 2078.
LaTeX Encoding Info:    Redeclaring text command \IJ (encoding OT1) on input li
ne 2080.
LaTeX Encoding Info:    Redeclaring text command \ij (encoding T1) on input lin
e 2082.
LaTeX Encoding Info:    Redeclaring text command \IJ (encoding T1) on input lin
e 2083.
LaTeX Encoding Info:    Ignoring declaration for text command \ij (encoding ?) 
on input line 2084.
LaTeX Encoding Info:    Ignoring declaration for text command \IJ (encoding ?) 
on input line 2086.
LaTeX Encoding Info:    Ignoring declaration for text command \SS (encoding ?) 
on input line 2111.
\U@D=\dimen199
\l@unhyphenated=\language3

(/usr/share/texmf-dist/tex/generic/babel/txtbabel.def)
\bbl@readstream=\read3
\bbl@dirlevel=\count352

(/usr/share/texmf-dist/tex/generic/babel/locale/en/babel-english.tex)
(/usr/share/texmf-dist/tex/generic/babel/locale/invalid/babel-brazil.tex)
Package babel Info: Importing font and identification data for english
(babel)             from babel-en.ini. Reported on input line 4330.

(/usr/share/texmf-dist/tex/generic/babel-english/english.ldf
Language: english 2017/06/06 v3.3r English support from the babel system
Package babel Info: Hyphen rules for 'british' set to \l@english
(babel)             (\language0). Reported on input line 82.
Package babel Info: Hyphen rules for 'UKenglish' set to \l@english
(babel)             (\language0). Reported on input line 83.
Package babel Info: Hyphen rules for 'canadian' set to \l@english
(babel)             (\language0). Reported on input line 102.
Package babel Info: Hyphen rules for 'australian' set to \l@english
(babel)             (\language0). Reported on input line 105.
Package babel Info: Hyphen rules for 'newzealand' set to \l@english
(babel)             (\language0). Reported on input line 108.
)

Package babel Warning: Name 'brazil' is deprecated.
(babel)                Use 'brazilian' instead.
(babel)                Reported on input line 4330.

Package babel Info: Importing font and identification data for brazil
(babel)             from babel-pt-BR.ini. Reported on input line 4330.
(/usr/share/texmf-dist/tex/generic/babel-portuges/brazilian.ldf
Language: portuges 2026/01/24 v1.2u Portuguese support from the babel system


Package babel Warning: No hyphenation patterns were preloaded for
(babel)                the language 'Portuguese' into the format.
(babel)                Please, configure your TeX system to add them and
(babel)                rebuild the format. Now I will use the patterns
(babel)                preloaded for \language=0 instead on input line 42.

Package babel Info: Hyphen rules for 'portuges' set to \l@english
(babel)             (\language0). Reported on input line 43.
Package babel Info: Hyphen rules for 'brazil' set to \l@english
(babel)             (\language0). Reported on input line 100.
Package babel Info: Making " an active character on input line 132.
)) (/usr/share/texmf-dist/tex/latex/enumitem/enumitem.sty
Package: enumitem 2025/02/06 v3.11 Customized lists
\labelindent=\skip195
\enit@outerparindent=\dimen256
\enit@toks=\toks25
\enit@inbox=\box58
\enit@count@id=\count353
\enitdp@description=\count354
)

******************************************************
Stock height and width: 845.04684pt by 597.50787pt
Top and edge trims: 0pt and 0pt
Page height and width: 845.04684pt by 597.50787pt
Text height and width: 708pt by 455pt
Spine and edge margins: 85.35826pt and 56.9055pt
Upper and lower margins: 85.35826pt and 51.68858pt
Headheight and headsep: 14.5pt and 19.8738pt
Footskip: 30pt
Columnsep and columnseprule: 10pt and 0pt
Marginparsep and marginparwidth: 7pt and 42.9055pt
Sidecapsep and sidecapwidth: 7pt and 92pt
Sidebarhsep and sidebarwidth: 7pt and 92pt
Sidebarvsep and sidebartopsep: 14.5pt and 0pt
Sidebarheight: 590.14995pt
Sidefoothsep and sidefootwidth: 7pt and 92pt
Sidefootvsep and sidefootheight: 14.5pt and 590.14995pt
******************************************************

\c@abntex@bookmarkcounter=\count355
\cftlastnumwidth=\skip196

Class memoir Warning: \settocpreprocessor is marked deprecated and will be
(memoir)              removed in 2026, the problem it tried to solve 
(memoir)              (see manual, section 9.2.3),
(memoir)              has been fixed in the kernel, and the feature is
(memoir)              no longer needed. on input line 483.

\chapternamenumlength=\skip197
\ABNTEXcitacaorecuo=\skip198
\c@alineasi=\count356
\c@alineasii=\count357
\enitdp@alineas=\count358
\c@subalineasi=\count359
\enitdp@subalineas=\count360
\c@incisosi=\count361
\enitdp@incisos=\count362
\ABNTEXsignwidth=\skip199
\ABNTEXsignthickness=\skip256
\ABNTEXsignskip=\skip257
) (/usr/share/texmf-dist/tex/latex/morewrites/morewrites.sty
(/usr/share/texmf-dist/tex/latex/morewrites/primargs.sty
Package: primargs 2024/02/02 Parsing arguments of primitives
)
Package: morewrites 2024/02/02 Always room for a new write
\g__morewrites_later_int=\count363
\l__morewrites_user_int=\count364
\g__morewrites_iow=\write4
\g__morewrites_ior=\read4
\g__morewrites_group_level_int=\count365
\g__morewrites_shipout_box=\box59
\l__morewrites_collect_next_int=\count366
\g__morewrites_alloc_write_int=\count367
)
(/usr/share/texmf-dist/tex/latex/cmap/cmap.sty
Package: cmap 2021/02/06 v1.0j CMap support: searchable PDF
)
(/usr/share/texmf-dist/tex/latex/lm/lmodern.sty
Package: lmodern 2015/05/01 v1.6.1 Latin Modern Fonts
LaTeX Font Info:    Overwriting symbol font `operators' in version `normal'
(Font)                  OT1/cmr/m/n --> OT1/lmr/m/n on input line 22.
LaTeX Font Info:    Overwriting symbol font `letters' in version `normal'
(Font)                  OML/cmm/m/it --> OML/lmm/m/it on input line 23.
LaTeX Font Info:    Overwriting symbol font `symbols' in version `normal'
(Font)                  OMS/cmsy/m/n --> OMS/lmsy/m/n on input line 24.
LaTeX Font Info:    Overwriting symbol font `largesymbols' in version `normal'
(Font)                  OMX/cmex/m/n --> OMX/lmex/m/n on input line 25.
LaTeX Font Info:    Overwriting symbol font `operators' in version `bold'
(Font)                  OT1/cmr/bx/n --> OT1/lmr/bx/n on input line 26.
LaTeX Font Info:    Overwriting symbol font `letters' in version `bold'
(Font)                  OML/cmm/b/it --> OML/lmm/b/it on input line 27.
LaTeX Font Info:    Overwriting symbol font `symbols' in version `bold'
(Font)                  OMS/cmsy/b/n --> OMS/lmsy/b/n on input line 28.
LaTeX Font Info:    Overwriting symbol font `largesymbols' in version `bold'
(Font)                  OMX/cmex/m/n --> OMX/lmex/m/n on input line 29.
LaTeX Font Info:    Overwriting math alphabet `\mathbf' in version `normal'
(Font)                  OT1/cmr/bx/n --> OT1/lmr/bx/n on input line 31.
LaTeX Font Info:    Overwriting math alphabet `\mathsf' in version `normal'
(Font)                  OT1/cmss/m/n --> OT1/lmss/m/n on input line 32.
LaTeX Font Info:    Overwriting math alphabet `\mathit' in version `normal'
(Font)                  OT1/cmr/m/it --> OT1/lmr/m/it on input line 33.
LaTeX Font Info:    Overwriting math alphabet `\mathtt' in version `normal'
(Font)                  OT1/cmtt/m/n --> OT1/lmtt/m/n on input line 34.
LaTeX Font Info:    Overwriting math alphabet `\mathbf' in version `bold'
(Font)                  OT1/cmr/bx/n --> OT1/lmr/bx/n on input line 35.
LaTeX Font Info:    Overwriting math alphabet `\mathsf' in version `bold'
(Font)                  OT1/cmss/bx/n --> OT1/lmss/bx/n on input line 36.
LaTeX Font Info:    Overwriting math alphabet `\mathit' in version `bold'
(Font)                  OT1/cmr/bx/it --> OT1/lmr/bx/it on input line 37.
LaTeX Font Info:    Overwriting math alphabet `\mathtt' in version `bold'
(Font)                  OT1/cmtt/m/n --> OT1/lmtt/m/n on input line 38.
)
(/usr/share/texmf-dist/tex/latex/lastpage/lastpage.sty
Package: lastpage 2025/08/14 v2.1h lastpage: 2.09 or 2e? (HMM)

(/usr/share/texmf-dist/tex/latex/lastpage/lastpage2e.sty
Package: lastpage2e 2025/08/14 v2.1h Decide which 2e lastpage version to use (H
MM)

(/usr/share/texmf-dist/tex/latex/lastpage/lastpagemodern.sty
Package: lastpagemodern 2025-08-14 v2.1h Refers to last page's name (HMM; JPG)
\c@lastpagecount=\count368
) 
)) (/usr/share/texmf-dist/tex/latex/tools/indentfirst.sty
Package: indentfirst 2023/07/02 v1.03 Indent first paragraph (DPC)
)
(/usr/share/texmf-dist/tex/latex/graphics/color.sty
Package: color 2025/01/14 v1.3e Standard LaTeX Color (DPC)

(/usr/share/texmf-dist/tex/latex/graphics-cfg/color.cfg
File: color.cfg 2016/01/02 v1.6 sample color configuration
)
Package color Info: Driver file: pdftex.def on input line 149.

(/usr/share/texmf-dist/tex/latex/graphics-def/pdftex.def
File: pdftex.def 2025/09/29 v1.2d Graphics/color driver for pdftex
)
(/usr/share/texmf-dist/tex/latex/graphics/mathcolor.ltx))
(/usr/share/texmf-dist/tex/latex/xcolor/xcolor.sty
Package: xcolor 2024/09/29 v3.02 LaTeX color extensions (UK)

(/usr/share/texmf-dist/tex/latex/graphics-cfg/color.cfg
File: color.cfg 2016/01/02 v1.6 sample color configuration
)
Package xcolor Info: Driver file: pdftex.def on input line 274.
LaTeX Info: Redefining \color on input line 762.

(/usr/share/texmf-dist/tex/latex/graphics/mathcolor.ltx)
Package xcolor Info: Model `cmy' substituted by `cmy0' on input line 1349.
Package xcolor Info: Model `hsb' substituted by `rgb' on input line 1353.
Package xcolor Info: Model `RGB' extended on input line 1365.
Package xcolor Info: Model `HTML' substituted by `rgb' on input line 1367.
Package xcolor Info: Model `Hsb' substituted by `hsb' on input line 1368.
Package xcolor Info: Model `tHsb' substituted by `hsb' on input line 1369.
Package xcolor Info: Model `HSB' substituted by `hsb' on input line 1370.
Package xcolor Info: Model `Gray' substituted by `gray' on input line 1371.
Package xcolor Info: Model `wave' substituted by `hsb' on input line 1372.
)
(/usr/share/texmf-dist/tex/latex/colortbl/colortbl.sty
Package: colortbl 2024/10/29 v1.0k Color table columns (DPC)
\everycr=\toks26
\minrowclearance=\skip258
\rownum=\count369
)
(/usr/share/texmf-dist/tex/latex/graphics/graphicx.sty
Package: graphicx 2024/12/31 v1.2e Enhanced LaTeX Graphics (DPC,SPQR)

(/usr/share/texmf-dist/tex/latex/graphics/graphics.sty
Package: graphics 2024/08/06 v1.4g Standard LaTeX Graphics (DPC,SPQR)

(/usr/share/texmf-dist/tex/latex/graphics/trig.sty
Package: trig 2023/12/02 v1.11 sin cos tan (DPC)
)
(/usr/share/texmf-dist/tex/latex/graphics-cfg/graphics.cfg
File: graphics.cfg 2016/06/04 v1.11 sample graphics configuration
)
Package graphics Info: Driver file: pdftex.def on input line 106.
)
\Gin@req@height=\dimen257
\Gin@req@width=\dimen258
)
(/usr/share/texmf-dist/tex/latex/caption/caption.sty
Package: caption 2023/08/05 v3.6o Customizing captions (AR)

(/usr/share/texmf-dist/tex/latex/caption/caption3.sty
Package: caption3 2023/07/31 v2.4d caption3 kernel (AR)
\caption@tempdima=\dimen259
\captionmargin=\dimen260
\caption@leftmargin=\dimen261
\caption@rightmargin=\dimen262
\caption@width=\dimen263
\caption@indent=\dimen264
\caption@parindent=\dimen265
\caption@hangindent=\dimen266
Package caption Info: memoir document class detected.

(/usr/share/texmf-dist/tex/latex/caption/caption-memoir.sto
File: caption-memoir.sto 2023/09/08 v2.2c Adaption of the caption package to th
e memoir document class (AR)
))
\c@caption@flags=\count370
\c@continuedfloat=\count371
Package caption Info: changepage package is loaded.
\caption@adjustwidth@hsize=\dimen267
\caption@adjustwidth@linewidth=\dimen268
Package caption Info: hyperref package is loaded.
)
(/usr/share/texmf-dist/tex/latex/caption/subcaption.sty
Package: subcaption 2023/07/28 v1.6b Sub-captions (AR)
Package caption Info: New subtype `subfigure' on input line 238.
\c@subfigure=\count372
Package caption Info: New subtype `subtable' on input line 238.
\c@subtable=\count373
)
(/usr/share/texmf-dist/tex/latex/microtype/microtype.sty
Package: microtype 2026/03/01 v3.2d Micro-typographical refinements (RS)
\MT@toks=\toks27
\MT@tempbox=\box60
\MT@count=\count374
LaTeX Info: Redefining \noprotrusionifhmode on input line 1084.
LaTeX Info: Redefining \leftprotrusion on input line 1085.
\MT@prot@toks=\toks28
LaTeX Info: Redefining \rightprotrusion on input line 1104.
LaTeX Info: Redefining \textls on input line 1449.
\MT@outer@kern=\dimen269
LaTeX Info: Redefining \microtypecontext on input line 2053.
LaTeX Info: Redefining \textmicrotypecontext on input line 2070.
\MT@listname@count=\count375

(/usr/share/texmf-dist/tex/latex/microtype/microtype-pdftex.def
File: microtype-pdftex.def 2026/03/01 v3.2d Definitions specific to pdftex (RS)

LaTeX Info: Redefining \lsstyle on input line 944.
LaTeX Info: Redefining \lslig on input line 944.
\MT@outer@space=\skip259
)
Package microtype Info: Loading configuration file microtype.cfg.

(/usr/share/texmf-dist/tex/latex/microtype/microtype.cfg
File: microtype.cfg 2026/03/01 v3.2d microtype main configuration file (RS)
)
LaTeX Info: Redefining \microtypesetup on input line 3065.
)
(/usr/share/texmf-dist/tex/latex/pdfpages/pdfpages.sty
Package: pdfpages 2025/07/23 v0.6g Insert pages of external PDF documents (AM)

(/usr/share/texmf-dist/tex/latex/eso-pic/eso-pic.sty
Package: eso-pic 2025/12/10 v3.0d eso-pic (RN)
\ESO@tempdima=\dimen270
\ESO@tempdimb=\dimen271
)
\AM@pagewidth=\dimen272
\AM@pageheight=\dimen273
\AM@fboxrule=\dimen274

(/usr/share/texmf-dist/tex/latex/pdfpages/pppdftex.def
File: pppdftex.def 2025/07/23 v0.6g Pdfpages driver for pdfTeX (AM)
)
\pdfpages@includegraphics@status=\count376
\AM@pagebox=\box61
\AM@global@opts=\toks29
\AM@pagecnt=\count377
\AM@toc@title=\toks30
\AM@lof@heading=\toks31
\c@AM@survey=\count378
\AM@templatesizebox=\box62
)
(/usr/share/texmf-dist/tex/latex/hyphenat/hyphenat.sty
Package: hyphenat 2009/09/02 v2.3c hyphenation utilities
\langwohyphens=\language4
LaTeX Info: Redefining \_ on input line 43.
)
(/usr/share/texmf-dist/tex/generic/xstring/xstring.sty
(/usr/share/texmf-dist/tex/generic/xstring/xstring.tex
\xs_counta=\count379
\xs_countb=\count380
)
Package: xstring 2023/08/22 v1.86 String manipulations (CT)
)
(/usr/share/texmf-dist/tex/latex/amscls/amsthm.sty
Package: amsthm 2020/05/29 v2.20.6
\thm@style=\toks32
\thm@bodyfont=\toks33
\thm@headfont=\toks34
\thm@notefont=\toks35
\thm@headpunct=\toks36
\thm@preskip=\skip260
\thm@postskip=\skip261
\thm@headsep=\skip262
\dth@everypar=\toks37
)
(/usr/share/texmf-dist/tex/latex/amsfonts/amsfonts.sty
Package: amsfonts 2013/01/14 v3.01 Basic AMSFonts support
\@emptytoks=\toks38
\symAMSa=\mathgroup4
\symAMSb=\mathgroup5
LaTeX Font Info:    Redeclaring math symbol \hbar on input line 98.
LaTeX Font Info:    Overwriting math alphabet `\mathfrak' in version `bold'
(Font)                  U/euf/m/n --> U/euf/b/n on input line 106.
)
(/usr/share/texmf-dist/tex/latex/amsmath/amsmath.sty
Package: amsmath 2025/07/09 v2.17z AMS math features
\@mathmargin=\skip263

For additional information on amsmath, use the `?' option.
(/usr/share/texmf-dist/tex/latex/amsmath/amstext.sty
Package: amstext 2024/11/17 v2.01 AMS text

(/usr/share/texmf-dist/tex/latex/amsmath/amsgen.sty
File: amsgen.sty 1999/11/30 v2.0 generic functions
\@emptytoks=\toks39
\ex@=\dimen275
))
(/usr/share/texmf-dist/tex/latex/amsmath/amsbsy.sty
Package: amsbsy 1999/11/29 v1.2d Bold Symbols
\pmbraise@=\dimen276
)
(/usr/share/texmf-dist/tex/latex/amsmath/amsopn.sty
Package: amsopn 2022/04/08 v2.04 operator names
)
\inf@bad=\count381
LaTeX Info: Redefining \frac on input line 233.
\uproot@=\count382
\leftroot@=\count383
LaTeX Info: Redefining \overline on input line 398.
LaTeX Info: Redefining \colon on input line 409.
\classnum@=\count384
\DOTSCASE@=\count385
LaTeX Info: Redefining \ldots on input line 495.
LaTeX Info: Redefining \dots on input line 498.
LaTeX Info: Redefining \cdots on input line 619.
\Mathstrutbox@=\box63
\strutbox@=\box64
LaTeX Info: Redefining \big on input line 721.
LaTeX Info: Redefining \Big on input line 722.
LaTeX Info: Redefining \bigg on input line 723.
LaTeX Info: Redefining \Bigg on input line 724.
\big@size=\dimen277
LaTeX Font Info:    Redeclaring font encoding OML on input line 742.
LaTeX Font Info:    Redeclaring font encoding OMS on input line 743.
\macc@depth=\count386
LaTeX Info: Redefining \bmod on input line 904.
LaTeX Info: Redefining \pmod on input line 909.
LaTeX Info: Redefining \smash on input line 939.
LaTeX Info: Redefining \relbar on input line 969.
LaTeX Info: Redefining \Relbar on input line 970.
\c@MaxMatrixCols=\count387
\dotsspace@=\muskip18
\c@parentequation=\count388
\dspbrk@lvl=\count389
\tag@help=\toks40
\row@=\count390
\column@=\count391
\maxfields@=\count392
\andhelp@=\toks41
\eqnshift@=\dimen278
\alignsep@=\dimen279
\tagshift@=\dimen280
\tagwidth@=\dimen281
\totwidth@=\dimen282
\lineht@=\dimen283
\@envbody=\toks42
\multlinegap=\skip264
\multlinetaggap=\skip265
\mathdisplay@stack=\toks43
LaTeX Info: Redefining \[ on input line 2950.
LaTeX Info: Redefining \] on input line 2951.
)
(/usr/share/texmf-dist/tex/latex/amsfonts/amssymb.sty
Package: amssymb 2013/01/14 v3.01 AMS font symbols
)
(/usr/share/texmf-dist/tex/latex/psnfss/mathptmx.sty
Package: mathptmx 2020/03/25 PSNFSS-v9.3 Times w/ Math, improved (SPQR, WaS) 
LaTeX Font Info:    Redeclaring symbol font `operators' on input line 28.
LaTeX Font Info:    Overwriting symbol font `operators' in version `normal'
(Font)                  OT1/lmr/m/n --> OT1/ztmcm/m/n on input line 28.
LaTeX Font Info:    Overwriting symbol font `operators' in version `bold'
(Font)                  OT1/lmr/bx/n --> OT1/ztmcm/m/n on input line 28.
LaTeX Font Info:    Redeclaring symbol font `letters' on input line 29.
LaTeX Font Info:    Overwriting symbol font `letters' in version `normal'
(Font)                  OML/lmm/m/it --> OML/ztmcm/m/it on input line 29.
LaTeX Font Info:    Overwriting symbol font `letters' in version `bold'
(Font)                  OML/lmm/b/it --> OML/ztmcm/m/it on input line 29.
LaTeX Font Info:    Redeclaring symbol font `symbols' on input line 30.
LaTeX Font Info:    Overwriting symbol font `symbols' in version `normal'
(Font)                  OMS/lmsy/m/n --> OMS/ztmcm/m/n on input line 30.
LaTeX Font Info:    Overwriting symbol font `symbols' in version `bold'
(Font)                  OMS/lmsy/b/n --> OMS/ztmcm/m/n on input line 30.
LaTeX Font Info:    Redeclaring symbol font `largesymbols' on input line 31.
LaTeX Font Info:    Overwriting symbol font `largesymbols' in version `normal'
(Font)                  OMX/lmex/m/n --> OMX/ztmcm/m/n on input line 31.
LaTeX Font Info:    Overwriting symbol font `largesymbols' in version `bold'
(Font)                  OMX/lmex/m/n --> OMX/ztmcm/m/n on input line 31.
\symbold=\mathgroup6
\symitalic=\mathgroup7
LaTeX Font Info:    Redeclaring math alphabet \mathbf on input line 34.
LaTeX Font Info:    Overwriting math alphabet `\mathbf' in version `normal'
(Font)                  OT1/lmr/bx/n --> OT1/ptm/bx/n on input line 34.
LaTeX Font Info:    Overwriting math alphabet `\mathbf' in version `bold'
(Font)                  OT1/lmr/bx/n --> OT1/ptm/bx/n on input line 34.
LaTeX Font Info:    Redeclaring math alphabet \mathit on input line 35.
LaTeX Font Info:    Overwriting math alphabet `\mathit' in version `normal'
(Font)                  OT1/lmr/m/it --> OT1/ptm/m/it on input line 35.
LaTeX Font Info:    Overwriting math alphabet `\mathit' in version `bold'
(Font)                  OT1/lmr/bx/it --> OT1/ptm/m/it on input line 35.
LaTeX Info: Redefining \hbar on input line 50.
)
(/usr/share/texmf-dist/tex/latex/listings/listings.sty
\lst@mode=\count393
\lst@gtempboxa=\box65
\lst@token=\toks44
\lst@length=\count394
\lst@currlwidth=\dimen284
\lst@column=\count395
\lst@pos=\count396
\lst@lostspace=\dimen285
\lst@width=\dimen286
\lst@newlines=\count397
\lst@lineno=\count398
\lst@maxwidth=\dimen287

(/usr/share/texmf-dist/tex/latex/listings/lstpatch.sty
File: lstpatch.sty 2025/11/14 1.11b (Carsten Heinz)
)
(/usr/share/texmf-dist/tex/latex/listings/lstmisc.sty
File: lstmisc.sty 2025/11/14 1.11b (Carsten Heinz)
\c@lstnumber=\count399
\lst@skipnumbers=\count400
\lst@framebox=\box66
)
(/usr/share/texmf-dist/tex/latex/listings/listings.cfg
File: listings.cfg 2025/11/14 1.11b listings configuration
))
Package: listings 2025/11/14 1.11b (Carsten Heinz)

==> First Aid for listings.sty no longer applied!
    Expected:
        2024/09/23 1.10c (Carsten Heinz)
    but found:
        2025/11/14 1.11b (Carsten Heinz)
    so I'm assuming it got fixed.
(/usr/share/texmf-dist/tex/latex/algorithms/algorithm.sty
Package: algorithm 2009/08/24 v0.1 Document Style `algorithm' - floating enviro
nment

(/usr/share/texmf-dist/tex/latex/float/float.sty
Package: float 2001/11/08 v1.3d Float enhancements (AL)
\c@float@type=\count401
\float@exts=\toks45
\float@box=\box67
\@float@everytoks=\toks46
\@floatcapt=\box68
)
\@float@every@algorithm=\toks47
\c@algorithm=\count402
)
(/usr/share/texmf-dist/tex/latex/algorithmicx/algpseudocode.sty
Package: algpseudocode 

(/usr/share/texmf-dist/tex/latex/algorithmicx/algorithmicx.sty
Package: algorithmicx 2005/04/27 v1.2 Algorithmicx

Document Style algorithmicx 1.2 - a greatly improved `algorithmic' style
\c@ALG@line=\count403
\c@ALG@rem=\count404
\c@ALG@nested=\count405
\ALG@tlm=\skip266
\ALG@thistlm=\skip267
\c@ALG@Lnr=\count406
\c@ALG@blocknr=\count407
\c@ALG@storecount=\count408
\c@ALG@tmpcounter=\count409
\ALG@tmplength=\skip268
)
Document Style - pseudocode environments for use with the `algorithmicx' style
) (/usr/share/texmf-dist/tex/latex/nomencl/nomencl.sty
Package: nomencl 2021/11/10 v5.6 Nomenclature package

(/usr/share/texmf-dist/tex/latex/xkeyval/xkeyval.sty
Package: xkeyval 2025/11/04 v2.10 package option processing (HA)

(/usr/share/texmf-dist/tex/generic/xkeyval/xkeyval.tex
(/usr/share/texmf-dist/tex/generic/xkeyval/xkvutils.tex
\XKV@toks=\toks48
\XKV@tempa@toks=\toks49
\XKV@tempb@toks=\toks50
)
\XKV@depth=\count410
File: xkeyval.tex 2014/12/03 v2.7a key=value parser (HA)
))
(/usr/share/texmf-dist/tex/latex/koma-script/tocbasic.sty
Package: tocbasic 2026/02/02 v3.49.2 KOMA-Script package (handling toc-files)

(/usr/share/texmf-dist/tex/latex/koma-script/scrbase.sty
Package: scrbase 2026/02/02 v3.49.2 KOMA-Script package (KOMA-Script-independen
t basics and keyval usage)

(/usr/share/texmf-dist/tex/latex/koma-script/scrlfile.sty
Package: scrlfile 2026/02/02 v3.49.2 KOMA-Script package (file load hooks)

(/usr/share/texmf-dist/tex/latex/koma-script/scrlfile-hook.sty
Package: scrlfile-hook 2026/02/02 v3.49.2 KOMA-Script package (using LaTeX hook
s)

(/usr/share/texmf-dist/tex/latex/koma-script/scrlogo.sty
Package: scrlogo 2026/02/02 v3.49.2 KOMA-Script package (logo)
)))
Applying: [2021/05/01] Usage of raw or classic option list on input line 254.
Already applied: [0000/00/00] Usage of raw or classic option list on input line
 370.
)
\scr@dte@tocline@numberwidth=\skip269
\scr@dte@tocline@numbox=\box69
)
Package tocbasic Info: setting babel extension for `nlo' on input line 187.
Package tocbasic Info: setting babel extension for `nls' on input line 188.
\nomlabelwidth=\dimen288
\nom@tempdim=\dimen289
\nomitemsep=\skip270
)
(/usr/share/texmf-dist/tex/latex/glossaries/base/glossaries.sty
Package: glossaries 2025/11/09 v4.9 (NLCT)

(/usr/share/texmf-dist/tex/latex/mfirstuc/mfirstuc.sty
Package: mfirstuc 2025/04/03 v2.09 (NLCT)
\@glsmfirst=\toks51
\@glsmrest=\toks52
)
(/usr/share/texmf-dist/tex/latex/xfor/xfor.sty
Package: xfor 2009/02/05 v1.05 (NLCT)
)
(/usr/share/texmf-dist/tex/latex/tracklang/tracklang.sty
Package: tracklang 2025/03/11 v1.6.6 (NLCT) Track Languages

(/usr/share/texmf-dist/tex/generic/tracklang/tracklang.tex)
Package tracklang Info: Tracking dialect `english' (language `english') on inpu
t line 264.
Package tracklang Info: Tracking dialect `brazil' (language `portuges') on inpu
t line 264.
Package tracklang Info: Tracking dialect `brazil' (language `portuges') on inpu
t line 264.
Package tracklang Info: Tracking dialect `english' (language `english') on inpu
t line 264.
)
(/usr/share/texmf-dist/tex/latex/glossaries-english/glossaries-english.ldf
File: glossaries-english.ldf 2014/11/23 v1.0
)
(/usr/share/texmf-dist/tex/latex/glossaries-portuges/glossaries-pt-BR.ldf
File: glossaries-pt-BR.ldf 2014/11/23 v1.0

(/usr/share/texmf-dist/tex/latex/glossaries-portuges/glossaries-portuges-utf8.l
df)) (/usr/share/texmf-dist/tex/latex/datatool/datatool-base.sty
Package: datatool-base 2025/12/04 v3.4.3 (NLCT)
\l__datatool_tmpa_int=\count411
\l__datatool_tmpb_int=\count412
\l__datatool_tmpc_int=\count413
\l__datatool_tmpd_int=\count414
\l__datatool_count_int=\count415
\l__datatool_tmp_datatype_int=\count416
\l__datatool_tmpa_dim=\dimen290
\l__datatool_tmpb_dim=\dimen291

(/usr/share/texmf-dist/tex/latex/datatool/datatool-l3fp.def
File: datatool-l3fp.def 2025/12/04 v3.4.3 (NLCT)
)
\@dtl@toks=\toks53
\@dtl@tmpcount=\count417
\dtl@tmplength=\skip271
\l__datatool_measure_box=\box70
\dtl@sortresult=\count418

(/usr/share/texmf-dist/tex/latex/datatool/datatool-utf8.ldf
File: datatool-utf8.ldf 2025/12/04 v3.4.3 (NLCT)
)
\@dtl@datatype=\count419
\c_datatool_unknown_int=\count420
\l__datatool_year_int=\count421
\l__datatool_month_int=\count422
\l__datatool_day_int=\count423
\l__datatool_hour_int=\count424
\l__datatool_minute_int=\count425
\l__datatool_second_int=\count426
\l__datatool_tzhour_int=\count427
\l__datatool_tzminute_int=\count428
\l__datatool_julian_int=\count429
\l__datatool_local_julian_int=\count430
\l__datatool_prefix_int=\count431
\l__datatool_suffix_int=\count432
\@dtl@foreach@level=\count433

(/usr/share/texmf-dist/tex/latex/datatool-english/datatool-english.ldf
File: datatool-english.ldf 2025/03/12 v1.1 (NLCT)

(/usr/share/texmf-dist/tex/latex/datatool-english/datatool-english-utf8.ldf
File: datatool-english-utf8.ldf 2025/03/12 v1.1 (NLCT)
))

Package tracklang Warning: No `datatool' support for dialect `brazil'  on input
 line 9924.


Package tracklang Warning: No `datatool' support for dialect `brazil'  on input
 line 9924.

\dtl@codeA=\count434
\dtl@codeB=\count435
)
\gls@level=\count436
\@gls@tmpb=\toks54
\gls@tmplen=\skip272
\l__glossaries_tmpa_dim=\dimen292
\l__glossaries_tmpb_dim=\dimen293
\glskeylisttok=\toks55
\glslabeltok=\toks56
\glsshorttok=\toks57
\glslongtok=\toks58
 (/usr/share/texmf-dist/tex/latex/glossaries/styles/glossary-hypernav.sty
Package: glossary-hypernav 2025/11/09 v4.9 (NLCT)
)
(/usr/share/texmf-dist/tex/latex/glossaries/styles/glossary-list.sty
Package: glossary-list 2025/11/09 v4.9 (NLCT)
\glslistdottedwidth=\skip273
)
(/usr/share/texmf-dist/tex/latex/glossaries/styles/glossary-long.sty
Package: glossary-long 2025/11/09 v4.9 (NLCT)

(/usr/share/texmf-dist/tex/latex/tools/longtable.sty
Package: longtable 2025-10-13 v4.24 Multi-page Table package (DPC)
\LTleft=\skip274
\LTright=\skip275
\LTpre=\skip276
\LTpost=\skip277
\LTchunksize=\count437
\LTcapwidth=\dimen294
\LT@head=\box71
\LT@firsthead=\box72
\LT@foot=\box73
\LT@lastfoot=\box74
\LT@gbox=\box75
\LT@cols=\count438
\LT@rows=\count439
\c@LT@tables=\count440
\c@LT@chunks=\count441
\LT@p@ftn=\toks59
)
\glsdescwidth=\skip278
\glspagelistwidth=\skip279
)
(/usr/share/texmf-dist/tex/latex/glossaries/styles/glossary-super.sty
Package: glossary-super 2025/11/09 v4.9 (NLCT)

(/usr/share/texmf-dist/tex/latex/supertabular/supertabular.sty
Package: supertabular 2025/06/26 v4.2d the supertabular environment
\c@tracingst=\count442
\ST@wd=\dimen295
\ST@rightskip=\skip280
\ST@leftskip=\skip281
\ST@parfillskip=\skip282
\ST@pageleft=\dimen296
\ST@headht=\dimen297
\ST@tailht=\dimen298
\ST@pagesofar=\dimen299
\ST@pboxht=\dimen300
\ST@rowht=\dimen301
\ST@prevht=\dimen302
\ST@toadd=\dimen303
\ST@dimen=\dimen304
\ST@pbox=\box76
))
(/usr/share/texmf-dist/tex/latex/glossaries/styles/glossary-tree.sty
Package: glossary-tree 2025/11/09 v4.9 (NLCT)
\l__glossaries_tree_max_known_level_int=\count443
\l__glossaries_tree_offset_dim=\dimen305
\l__glossaries_tree_namewidth_dim=\dimen306
\l__glossaries_tree_symbolwidth_dim=\dimen307
\l__glossaries_tree_prenamesym_width_dim=\dimen308
\l__glossaries_tree_presubnamesym_width_dim=\dimen309
\l__glossaries_tree_namewidth_padding_dim=\dimen310
\l__glossaries_tree_symbolwidth_padding_dim=\dimen311
\l__glossaries_tree_namesymbolwidth_dim=\dimen312
\l__glossaries_tree_namesymbolwidth_padding_dim=\dimen313
\l__glossaries_tree_level_int=\count444
\glstreeindent=\skip283
))
(/usr/share/texmf-dist/tex/latex/hyperref/backref.sty
Package: backref 2025-06-21 v1.45 Bibliographical back referencing
)
(/usr/share/texmf-dist/tex/latex/abntex2/abntex2cite.sty
Package: abntex2cite 2018/11/24 v-1.9.7 abnTeX2

(/usr/share/texmf-dist/tex/latex/abntex2/abntex2abrev.sty)
\minimumbiblabelwidth=\skip284
\ABCIauxlen=\skip285
\c@ABCIaux=\count445
\c@ABCImax=\count446

(/usr/share/texmf-dist/tex/generic/iftex/ifpdf.sty
Package: ifpdf 2019/10/25 v3.4 ifpdf legacy package. Use iftex instead.
)
(/usr/share/texmf-dist/tex/latex/relsize/relsize.sty
Package: relsize 2013/03/29 ver 4.1
)
\biblabelsep=\skip286
LaTeX Info: Redefining \newblock on input line 591.
LaTeX Info: Redefining \cite on input line 618.
\ABCItoken=\toks60
)
(/usr/share/texmf-dist/tex/latex/environ/environ.sty
Package: environ 2014/05/04 v0.3 A new way to define environments

(/usr/share/texmf-dist/tex/latex/trimspaces/trimspaces.sty
Package: trimspaces 2009/09/17 v1.1 Trim spaces around a token list
))
(/usr/share/texmf-dist/tex/latex/textpos/textpos.sty
Package: textpos 2022/07/23 v1.10.1
Package textpos Info: choosing support for LaTeX3 on input line 60.
\TP@textbox=\box77
\TP@holdbox=\box78
\TPHorizModule=\dimen314
\TPVertModule=\dimen315
\TP@margin=\dimen316
\TP@absmargin=\dimen317

Grid set 16 x 16 = 37.34424pt x 52.81541pt
\TPboxrulesize=\dimen318
\TP@ox=\dimen319
\TP@oy=\dimen320
\TP@tbargs=\toks61
TextBlockOrigin set to 0pt x 0pt
) (/usr/share/texmf-dist/tex/latex/adjustbox/adjustbox.sty
Package: adjustbox 2025/02/26 v1.3c Adjusting TeX boxes (trim, clip, ...)

(/usr/share/texmf-dist/tex/latex/adjustbox/adjcalc.sty
Package: adjcalc 2012/05/16 v1.1 Provides advanced setlength with multiple back
-ends (calc, etex, pgfmath)
)
(/usr/share/texmf-dist/tex/latex/adjustbox/trimclip.sty
Package: trimclip 2025/02/21 v1.2a Trim and clip general TeX material

(/usr/share/texmf-dist/tex/latex/collectbox/collectbox.sty
Package: collectbox 2022/10/17 v0.4c Collect macro arguments as boxes
\collectedbox=\box79
)
\tc@llx=\dimen321
\tc@lly=\dimen322
\tc@urx=\dimen323
\tc@ury=\dimen324
Package trimclip Info: Using driver 'tc-pdftex.def'.

(/usr/share/texmf-dist/tex/latex/adjustbox/tc-pdftex.def
File: tc-pdftex.def 2025/02/26 v2.3 Clipping driver for pdftex
))
\adjbox@Width=\dimen325
\adjbox@Height=\dimen326
\adjbox@Depth=\dimen327
\adjbox@Totalheight=\dimen328
\adjbox@pwidth=\dimen329
\adjbox@pheight=\dimen330
\adjbox@pdepth=\dimen331
\adjbox@ptotalheight=\dimen332

(/usr/share/texmf-dist/tex/latex/ifoddpage/ifoddpage.sty
Package: ifoddpage 2022/10/18 v1.2 Conditionals for odd/even page detection
\c@checkoddpage=\count447
LaTeX Info: Redefining \checkoddpage on input line 45.
)
(/usr/share/texmf-dist/tex/latex/varwidth/varwidth.sty
Package: varwidth 2009/03/30 ver 0.92;  Variable-width minipages
\@vwid@box=\box80
\sift@deathcycles=\count448
\@vwid@loff=\dimen333
\@vwid@roff=\dimen334
)
==> First Aid for varwidth.sty applied!
) (/usr/share/texmf-dist/tex/latex/tcolorbox/tcolorbox.sty
Package: tcolorbox 2025/11/28 version 6.9.0 text color boxes

(/usr/share/texmf-dist/tex/latex/pgf/frontendlayer/tikz.sty
(/usr/share/texmf-dist/tex/latex/pgf/basiclayer/pgf.sty
(/usr/share/texmf-dist/tex/latex/pgf/utilities/pgfrcs.sty
(/usr/share/texmf-dist/tex/generic/pgf/utilities/pgfutil-common.tex
\pgfutil@everybye=\toks62
\pgfutil@tempdima=\dimen335
\pgfutil@tempdimb=\dimen336
)
(/usr/share/texmf-dist/tex/generic/pgf/utilities/pgfutil-latex.def
\pgfutil@abb=\box81
)
(/usr/share/texmf-dist/tex/generic/pgf/utilities/pgfrcs.code.tex
(/usr/share/texmf-dist/tex/generic/pgf/pgf.revision.tex)
Package: pgfrcs 2025-08-29 v3.1.11a (3.1.11a)
))
Package: pgf 2025-08-29 v3.1.11a (3.1.11a)

(/usr/share/texmf-dist/tex/latex/pgf/basiclayer/pgfcore.sty
(/usr/share/texmf-dist/tex/latex/pgf/systemlayer/pgfsys.sty
(/usr/share/texmf-dist/tex/generic/pgf/systemlayer/pgfsys.code.tex
Package: pgfsys 2025-08-29 v3.1.11a (3.1.11a)

(/usr/share/texmf-dist/tex/generic/pgf/utilities/pgfkeys.code.tex
\pgfkeys@pathtoks=\toks63
\pgfkeys@temptoks=\toks64

(/usr/share/texmf-dist/tex/generic/pgf/utilities/pgfkeyslibraryfiltered.code.te
x
\pgfkeys@tmptoks=\toks65
))
\pgf@x=\dimen337
\pgf@y=\dimen338
\pgf@xa=\dimen339
\pgf@ya=\dimen340
\pgf@xb=\dimen341
\pgf@yb=\dimen342
\pgf@xc=\dimen343
\pgf@yc=\dimen344
\pgf@xd=\dimen345
\pgf@yd=\dimen346
\w@pgf@writea=\write129
\r@pgf@reada=\read5
\c@pgf@counta=\count449
\c@pgf@countb=\count450
\c@pgf@countc=\count451
\c@pgf@countd=\count452
\t@pgf@toka=\toks66
\t@pgf@tokb=\toks67
\t@pgf@tokc=\toks68
\pgf@sys@id@count=\count453
 (/usr/share/texmf-dist/tex/generic/pgf/systemlayer/pgf.cfg
File: pgf.cfg 2025-08-29 v3.1.11a (3.1.11a)
)
Driver file for pgf: pgfsys-pdftex.def

(/usr/share/texmf-dist/tex/generic/pgf/systemlayer/pgfsys-pdftex.def
File: pgfsys-pdftex.def 2025-08-29 v3.1.11a (3.1.11a)

(/usr/share/texmf-dist/tex/generic/pgf/systemlayer/pgfsys-common-pdf.def
File: pgfsys-common-pdf.def 2025-08-29 v3.1.11a (3.1.11a)
)))
(/usr/share/texmf-dist/tex/generic/pgf/systemlayer/pgfsyssoftpath.code.tex
File: pgfsyssoftpath.code.tex 2025-08-29 v3.1.11a (3.1.11a)
\pgfsyssoftpath@smallbuffer@items=\count454
\pgfsyssoftpath@bigbuffer@items=\count455
)
(/usr/share/texmf-dist/tex/generic/pgf/systemlayer/pgfsysprotocol.code.tex
File: pgfsysprotocol.code.tex 2025-08-29 v3.1.11a (3.1.11a)
))
(/usr/share/texmf-dist/tex/generic/pgf/basiclayer/pgfcore.code.tex
Package: pgfcore 2025-08-29 v3.1.11a (3.1.11a)

(/usr/share/texmf-dist/tex/generic/pgf/math/pgfmath.code.tex
(/usr/share/texmf-dist/tex/generic/pgf/math/pgfmathutil.code.tex)
(/usr/share/texmf-dist/tex/generic/pgf/math/pgfmathparser.code.tex
\pgfmath@dimen=\dimen347
\pgfmath@count=\count456
\pgfmath@box=\box82
\pgfmath@toks=\toks69
\pgfmath@stack@operand=\toks70
\pgfmath@stack@operation=\toks71
)
(/usr/share/texmf-dist/tex/generic/pgf/math/pgfmathfunctions.code.tex)
(/usr/share/texmf-dist/tex/generic/pgf/math/pgfmathfunctions.basic.code.tex)
(/usr/share/texmf-dist/tex/generic/pgf/math/pgfmathfunctions.trigonometric.code
.tex)
(/usr/share/texmf-dist/tex/generic/pgf/math/pgfmathfunctions.random.code.tex)
(/usr/share/texmf-dist/tex/generic/pgf/math/pgfmathfunctions.comparison.code.te
x) (/usr/share/texmf-dist/tex/generic/pgf/math/pgfmathfunctions.base.code.tex)
(/usr/share/texmf-dist/tex/generic/pgf/math/pgfmathfunctions.round.code.tex)
(/usr/share/texmf-dist/tex/generic/pgf/math/pgfmathfunctions.misc.code.tex)
(/usr/share/texmf-dist/tex/generic/pgf/math/pgfmathfunctions.integerarithmetics
.code.tex) (/usr/share/texmf-dist/tex/generic/pgf/math/pgfmathcalc.code.tex)
(/usr/share/texmf-dist/tex/generic/pgf/math/pgfmathfloat.code.tex
\c@pgfmathroundto@lastzeros=\count457
))
(/usr/share/texmf-dist/tex/generic/pgf/math/pgfint.code.tex)
(/usr/share/texmf-dist/tex/generic/pgf/basiclayer/pgfcorepoints.code.tex
File: pgfcorepoints.code.tex 2025-08-29 v3.1.11a (3.1.11a)
\pgf@picminx=\dimen348
\pgf@picmaxx=\dimen349
\pgf@picminy=\dimen350
\pgf@picmaxy=\dimen351
\pgf@pathminx=\dimen352
\pgf@pathmaxx=\dimen353
\pgf@pathminy=\dimen354
\pgf@pathmaxy=\dimen355
\pgf@xx=\dimen356
\pgf@xy=\dimen357
\pgf@yx=\dimen358
\pgf@yy=\dimen359
\pgf@zx=\dimen360
\pgf@zy=\dimen361
)
(/usr/share/texmf-dist/tex/generic/pgf/basiclayer/pgfcorepathconstruct.code.tex
File: pgfcorepathconstruct.code.tex 2025-08-29 v3.1.11a (3.1.11a)
\pgf@path@lastx=\dimen362
\pgf@path@lasty=\dimen363
) (/usr/share/texmf-dist/tex/generic/pgf/basiclayer/pgfcorepathusage.code.tex
File: pgfcorepathusage.code.tex 2025-08-29 v3.1.11a (3.1.11a)
\pgf@shorten@end@additional=\dimen364
\pgf@shorten@start@additional=\dimen365
)
(/usr/share/texmf-dist/tex/generic/pgf/basiclayer/pgfcorescopes.code.tex
File: pgfcorescopes.code.tex 2025-08-29 v3.1.11a (3.1.11a)
\pgfpic=\box83
\pgf@hbox=\box84
\pgf@layerbox@main=\box85
\pgf@picture@serial@count=\count458
)
(/usr/share/texmf-dist/tex/generic/pgf/basiclayer/pgfcoregraphicstate.code.tex
File: pgfcoregraphicstate.code.tex 2025-08-29 v3.1.11a (3.1.11a)
\pgflinewidth=\dimen366
)
(/usr/share/texmf-dist/tex/generic/pgf/basiclayer/pgfcoretransformations.code.t
ex
File: pgfcoretransformations.code.tex 2025-08-29 v3.1.11a (3.1.11a)
\pgf@pt@x=\dimen367
\pgf@pt@y=\dimen368
\pgf@pt@temp=\dimen369
) (/usr/share/texmf-dist/tex/generic/pgf/basiclayer/pgfcorequick.code.tex
File: pgfcorequick.code.tex 2025-08-29 v3.1.11a (3.1.11a)
)
(/usr/share/texmf-dist/tex/generic/pgf/basiclayer/pgfcoreobjects.code.tex
File: pgfcoreobjects.code.tex 2025-08-29 v3.1.11a (3.1.11a)
)
(/usr/share/texmf-dist/tex/generic/pgf/basiclayer/pgfcorepathprocessing.code.te
x
File: pgfcorepathprocessing.code.tex 2025-08-29 v3.1.11a (3.1.11a)
) (/usr/share/texmf-dist/tex/generic/pgf/basiclayer/pgfcorearrows.code.tex
File: pgfcorearrows.code.tex 2025-08-29 v3.1.11a (3.1.11a)
\pgfarrowsep=\dimen370
)
(/usr/share/texmf-dist/tex/generic/pgf/basiclayer/pgfcoreshade.code.tex
File: pgfcoreshade.code.tex 2025-08-29 v3.1.11a (3.1.11a)
\pgf@max=\dimen371
\pgf@sys@shading@range@num=\count459
\pgf@shadingcount=\count460
)
(/usr/share/texmf-dist/tex/generic/pgf/basiclayer/pgfcoreimage.code.tex
File: pgfcoreimage.code.tex 2025-08-29 v3.1.11a (3.1.11a)
)
(/usr/share/texmf-dist/tex/generic/pgf/basiclayer/pgfcoreexternal.code.tex
File: pgfcoreexternal.code.tex 2025-08-29 v3.1.11a (3.1.11a)
\pgfexternal@startupbox=\box86
)
(/usr/share/texmf-dist/tex/generic/pgf/basiclayer/pgfcorelayers.code.tex
File: pgfcorelayers.code.tex 2025-08-29 v3.1.11a (3.1.11a)
)
(/usr/share/texmf-dist/tex/generic/pgf/basiclayer/pgfcoretransparency.code.tex
File: pgfcoretransparency.code.tex 2025-08-29 v3.1.11a (3.1.11a)
) (/usr/share/texmf-dist/tex/generic/pgf/basiclayer/pgfcorepatterns.code.tex
File: pgfcorepatterns.code.tex 2025-08-29 v3.1.11a (3.1.11a)
)
(/usr/share/texmf-dist/tex/generic/pgf/basiclayer/pgfcorerdf.code.tex
File: pgfcorerdf.code.tex 2025-08-29 v3.1.11a (3.1.11a)
)))
(/usr/share/texmf-dist/tex/generic/pgf/modules/pgfmoduleshapes.code.tex
File: pgfmoduleshapes.code.tex 2025-08-29 v3.1.11a (3.1.11a)
\pgfnodeparttextbox=\box87
)
(/usr/share/texmf-dist/tex/generic/pgf/modules/pgfmoduleplot.code.tex
File: pgfmoduleplot.code.tex 2025-08-29 v3.1.11a (3.1.11a)
)
(/usr/share/texmf-dist/tex/latex/pgf/compatibility/pgfcomp-version-0-65.sty
Package: pgfcomp-version-0-65 2025-08-29 v3.1.11a (3.1.11a)
\pgf@nodesepstart=\dimen372
\pgf@nodesepend=\dimen373
)
(/usr/share/texmf-dist/tex/latex/pgf/compatibility/pgfcomp-version-1-18.sty
Package: pgfcomp-version-1-18 2025-08-29 v3.1.11a (3.1.11a)
))
(/usr/share/texmf-dist/tex/latex/pgf/utilities/pgffor.sty
(/usr/share/texmf-dist/tex/latex/pgf/utilities/pgfkeys.sty
(/usr/share/texmf-dist/tex/generic/pgf/utilities/pgfkeys.code.tex))
(/usr/share/texmf-dist/tex/latex/pgf/math/pgfmath.sty
(/usr/share/texmf-dist/tex/generic/pgf/math/pgfmath.code.tex))
(/usr/share/texmf-dist/tex/generic/pgf/utilities/pgffor.code.tex
Package: pgffor 2025-08-29 v3.1.11a (3.1.11a)
\pgffor@iter=\dimen374
\pgffor@skip=\dimen375
\pgffor@stack=\toks72
\pgffor@toks=\toks73
))
(/usr/share/texmf-dist/tex/generic/pgf/frontendlayer/tikz/tikz.code.tex
Package: tikz 2025-08-29 v3.1.11a (3.1.11a)

(/usr/share/texmf-dist/tex/generic/pgf/libraries/pgflibraryplothandlers.code.te
x
File: pgflibraryplothandlers.code.tex 2025-08-29 v3.1.11a (3.1.11a)
\pgf@plot@mark@count=\count461
\pgfplotmarksize=\dimen376
)
\tikz@lastx=\dimen377
\tikz@lasty=\dimen378
\tikz@lastxsaved=\dimen379
\tikz@lastysaved=\dimen380
\tikz@lastmovetox=\dimen381
\tikz@lastmovetoy=\dimen382
\tikzleveldistance=\dimen383
\tikzsiblingdistance=\dimen384
\tikz@figbox=\box88
\tikz@figbox@bg=\box89
\tikz@tempbox=\box90
\tikz@tempbox@bg=\box91
\tikztreelevel=\count462
\tikznumberofchildren=\count463
\tikznumberofcurrentchild=\count464
\tikz@fig@count=\count465
 (/usr/share/texmf-dist/tex/generic/pgf/modules/pgfmodulematrix.code.tex
File: pgfmodulematrix.code.tex 2025-08-29 v3.1.11a (3.1.11a)
\pgfmatrixcurrentrow=\count466
\pgfmatrixcurrentcolumn=\count467
\pgf@matrix@numberofcolumns=\count468
)
\tikz@expandcount=\count469

(/usr/share/texmf-dist/tex/generic/pgf/frontendlayer/tikz/libraries/tikzlibrary
topaths.code.tex
File: tikzlibrarytopaths.code.tex 2025-08-29 v3.1.11a (3.1.11a)
)))
\tcb@titlebox=\box92
\tcb@upperbox=\box93
\tcb@lowerbox=\box94
\tcb@phantombox=\box95
\c@tcbbreakpart=\count470
\c@tcblayer=\count471
\c@tcolorbox@number=\count472
\l__tcobox_tmpa_box=\box96
\l__tcobox_tmpa_dim=\dimen385
\tcb@temp=\box97
\tcb@temp=\box98
\tcb@temp=\box99
\tcb@temp=\box100
) (/usr/share/texmf-dist/tex/latex/mathtools/mathtools.sty
Package: mathtools 2024/10/04 v1.31 mathematical typesetting tools

(/usr/share/texmf-dist/tex/latex/mathtools/mhsetup.sty
Package: mhsetup 2021/03/18 v1.4 programming setup (MH)
)
\g_MT_multlinerow_int=\count473
\l_MT_multwidth_dim=\dimen386
\origjot=\skip287
\l_MT_shortvdotswithinadjustabove_dim=\dimen387
\l_MT_shortvdotswithinadjustbelow_dim=\dimen388
\l_MT_above_intertext_sep=\dimen389
\l_MT_below_intertext_sep=\dimen390
\l_MT_above_shortintertext_sep=\dimen391
\l_MT_below_shortintertext_sep=\dimen392
\xmathstrut@box=\box101
\xmathstrut@dim=\dimen393
)
(/usr/share/texmf-dist/tex/latex/newtx/newtxmath.sty
Package: newtxmath 2024/09/22 v1.754

`newtxmath' v1.754, 2024/09/22 Math macros based originally on txfonts (msharpe
) (/usr/share/texmf-dist/tex/latex/oberdiek/centernot.sty
Package: centernot 2016/05/16 v1.4 Centers the not symbol horizontally (HO)
)
\tx@cntz=\count474

(/usr/share/texmf-dist/tex/generic/kastrup/binhex.tex)
\tx@Isdigit=\count475
\tx@IsAlNum=\count476
\tx@tA=\toks74
\tx@tB=\toks75
\tx@su=\read6

amsthm NOT loaded
LaTeX Font Info:    Redeclaring symbol font `operators' on input line 402.
LaTeX Font Info:    Overwriting symbol font `operators' in version `normal'
(Font)                  OT1/ztmcm/m/n --> OT1/minntx/m/n on input line 402.
LaTeX Font Info:    Overwriting symbol font `operators' in version `bold'
(Font)                  OT1/ztmcm/m/n --> OT1/minntx/m/n on input line 402.
LaTeX Font Info:    Overwriting symbol font `operators' in version `bold'
(Font)                  OT1/minntx/m/n --> OT1/minntx/b/n on input line 403.
LaTeX Font Info:    Redeclaring math alphabet \mathsf on input line 410.
LaTeX Font Info:    Overwriting math alphabet `\mathsf' in version `normal'
(Font)                  OT1/lmss/m/n --> OT1/lmss/m/n on input line 410.
LaTeX Font Info:    Overwriting math alphabet `\mathsf' in version `bold'
(Font)                  OT1/lmss/bx/n --> OT1/lmss/m/n on input line 410.
LaTeX Font Info:    Overwriting math alphabet `\mathsf' in version `bold'
(Font)                  OT1/lmss/m/n --> OT1/lmss/b/n on input line 412.
LaTeX Font Info:    Redeclaring math alphabet \mathit on input line 419.
LaTeX Font Info:    Overwriting math alphabet `\mathit' in version `normal'
(Font)                  OT1/ptm/m/it --> OT1/minntx/m/it on input line 419.
LaTeX Font Info:    Overwriting math alphabet `\mathit' in version `bold'
(Font)                  OT1/ptm/m/it --> OT1/minntx/m/it on input line 419.
LaTeX Font Info:    Redeclaring math alphabet \mathtt on input line 420.
LaTeX Font Info:    Overwriting math alphabet `\mathtt' in version `normal'
(Font)                  OT1/lmtt/m/n --> OT1/lmtt/m/n on input line 420.
LaTeX Font Info:    Overwriting math alphabet `\mathtt' in version `bold'
(Font)                  OT1/lmtt/m/n --> OT1/lmtt/m/n on input line 420.
LaTeX Font Info:    Redeclaring math alphabet \mathbf on input line 422.
LaTeX Font Info:    Overwriting math alphabet `\mathbf' in version `normal'
(Font)                  OT1/ptm/bx/n --> OT1/minntx/b/n on input line 422.
LaTeX Font Info:    Overwriting math alphabet `\mathbf' in version `bold'
(Font)                  OT1/ptm/bx/n --> OT1/minntx/b/n on input line 422.
LaTeX Font Info:    Overwriting math alphabet `\mathit' in version `bold'
(Font)                  OT1/minntx/m/it --> OT1/minntx/b/it on input line 423.
LaTeX Font Info:    Overwriting math alphabet `\mathtt' in version `bold'
(Font)                  OT1/lmtt/m/n --> OT1/lmtt/b/n on input line 426.
LaTeX Font Info:    Redeclaring symbol font `letters' on input line 534.
LaTeX Font Info:    Overwriting symbol font `letters' in version `normal'
(Font)                  OML/ztmcm/m/it --> OML/ntxmi/m/it on input line 534.
LaTeX Font Info:    Overwriting symbol font `letters' in version `bold'
(Font)                  OML/ztmcm/m/it --> OML/ntxmi/m/it on input line 534.
LaTeX Font Info:    Overwriting symbol font `letters' in version `bold'
(Font)                  OML/ntxmi/m/it --> OML/ntxmi/b/it on input line 535.
\symlettersA=\mathgroup8
LaTeX Font Info:    Overwriting symbol font `lettersA' in version `bold'
(Font)                  U/ntxmia/m/it --> U/ntxmia/b/it on input line 582.
LaTeX Font Info:    Redeclaring math alphabet \mathfrak on input line 584.
Now handling font encoding LMS ...
... no UTF-8 mapping file for font encoding LMS
LaTeX Font Info:    Redeclaring symbol font `symbols' on input line 604.
LaTeX Font Info:    Encoding `OMS' has changed to `LMS' for symbol font
(Font)              `symbols' in the math version `normal' on input line 604.
LaTeX Font Info:    Overwriting symbol font `symbols' in version `normal'
(Font)                  OMS/ztmcm/m/n --> LMS/ntxsy/m/n on input line 604.
LaTeX Font Info:    Encoding `OMS' has changed to `LMS' for symbol font
(Font)              `symbols' in the math version `bold' on input line 604.
LaTeX Font Info:    Overwriting symbol font `symbols' in version `bold'
(Font)                  OMS/ztmcm/m/n --> LMS/ntxsy/m/n on input line 604.
LaTeX Font Info:    Overwriting symbol font `symbols' in version `bold'
(Font)                  LMS/ntxsy/m/n --> LMS/ntxsy/b/n on input line 605.
\symAMSm=\mathgroup9
LaTeX Font Info:    Overwriting symbol font `AMSm' in version `bold'
(Font)                  U/ntxsym/m/n --> U/ntxsym/b/n on input line 630.
\symsymbolsC=\mathgroup10
LaTeX Font Info:    Overwriting symbol font `symbolsC' in version `bold'
(Font)                  U/ntxsyc/m/n --> U/ntxsyc/b/n on input line 651.
Now handling font encoding LMX ...
... no UTF-8 mapping file for font encoding LMX
LaTeX Font Info:    Redeclaring symbol font `largesymbols' on input line 664.
LaTeX Font Info:    Encoding `OMX' has changed to `LMX' for symbol font
(Font)              `largesymbols' in the math version `normal' on input line 6
64.
LaTeX Font Info:    Overwriting symbol font `largesymbols' in version `normal'
(Font)                  OMX/ztmcm/m/n --> LMX/ntxexx/m/n on input line 664.
LaTeX Font Info:    Encoding `OMX' has changed to `LMX' for symbol font
(Font)              `largesymbols' in the math version `bold' on input line 664
.
LaTeX Font Info:    Overwriting symbol font `largesymbols' in version `bold'
(Font)                  OMX/ztmcm/m/n --> LMX/ntxexx/m/n on input line 664.
LaTeX Font Info:    Overwriting symbol font `largesymbols' in version `bold'
(Font)                  LMX/ntxexx/m/n --> LMX/ntxexx/b/n on input line 665.
\symlargesymbolsTXA=\mathgroup11
LaTeX Font Info:    Overwriting symbol font `largesymbolsTXA' in version `bold'

(Font)                  U/ntxexa/m/n --> U/ntxexa/b/n on input line 679.
\tx@sbptoks=\toks76
LaTeX Font Info:    Redeclaring math delimiter \lfloor on input line 902.
LaTeX Font Info:    Redeclaring math delimiter \rfloor on input line 903.
LaTeX Font Info:    Redeclaring math delimiter \lceil on input line 904.
LaTeX Font Info:    Redeclaring math delimiter \rceil on input line 905.
LaTeX Font Info:    Redeclaring math delimiter \lbrace on input line 910.
LaTeX Font Info:    Redeclaring math delimiter \rbrace on input line 911.
LaTeX Font Info:    Redeclaring math delimiter \langle on input line 913.
LaTeX Font Info:    Redeclaring math delimiter \rangle on input line 915.
LaTeX Font Info:    Redeclaring math delimiter \arrowvert on input line 919.
LaTeX Font Info:    Redeclaring math delimiter \vert on input line 920.
LaTeX Font Info:    Redeclaring math accent \dot on input line 991.
LaTeX Font Info:    Redeclaring math accent \ddot on input line 992.
LaTeX Font Info:    Redeclaring math accent \vec on input line 2057.
LaTeX Info: Redefining \Bbbk on input line 2847.
LaTeX Info: Redefining \not on input line 2995.
LaTeX Info: Redefining \textsquare on input line 3025.
LaTeX Info: Redefining \openbox on input line 3027.
) (/usr/share/texmf-dist/tex/latex/tools/multicol.sty
Package: multicol 2025/10/21 v2.0b multicolumn formatting (FMi)
\c@tracingmulticols=\count477
\mult@box=\box102
\multicol@leftmargin=\dimen394
\c@unbalance=\count478
\c@collectmore=\count479
\doublecol@number=\count480
\multicoltolerance=\count481
\multicolpretolerance=\count482
\full@width=\dimen395
\page@free=\dimen396
\premulticols=\dimen397
\postmulticols=\dimen398
\multicolsep=\skip288
\multicolbaselineskip=\skip289
\partial@page=\box103
\last@line=\box104
\mc@boxedresult=\box105
\maxbalancingoverflow=\dimen399
\mult@rightbox=\box106
\mult@grightbox=\box107
\mult@firstbox=\box108
\mult@gfirstbox=\box109
\@tempa=\box110
\@tempa=\box111
\@tempa=\box112
\@tempa=\box113
\@tempa=\box114
\@tempa=\box115
\@tempa=\box116
\@tempa=\box117
\@tempa=\box118
\@tempa=\box119
\@tempa=\box120
\@tempa=\box121
\@tempa=\box122
\@tempa=\box123
\@tempa=\box124
\@tempa=\box125
\@tempa=\box126
\@tempa=\box127
\@tempa=\box128
\@tempa=\box129
\@tempa=\box130
\@tempa=\box131
\@tempa=\box132
\@tempa=\box133
\@tempa=\box134
\@tempa=\box135
\@tempa=\box136
\@tempa=\box137
\@tempa=\box138
\@tempa=\box139
\@tempa=\box140
\@tempa=\box141
\@tempa=\box142
\@tempa=\box143
\@tempa=\box144
\@tempa=\box145
\c@minrows=\count483
\c@columnbadness=\count484
\c@finalcolumnbadness=\count485
\last@try=\dimen400
\multicolovershoot=\dimen401
\multicolundershoot=\dimen402
\mult@nat@firstbox=\box146
\colbreak@box=\box147
\mc@col@check@num=\count486
\g__mc_curr_col_int=\count487
)
(/usr/share/texmf-dist/tex/latex/wrapfig/wrapfig.sty
\wrapoverhang=\dimen403
\WF@size=\dimen404
\c@WF@wrappedlines=\count488
\WF@box=\box148
\WF@everypar=\toks77
Package: wrapfig 2003/01/31  v 3.6
)
(/usr/share/texmf-dist/tex/latex/tikzfill/tikzfill.sty
Package: tikzfill 2023/08/08 v1.0.1 Image and pattern libraries for TikZ

(/usr/share/texmf-dist/tex/latex/tikzfill/tikzfill-common.sty
Package: tikzfill-common 2023/08/08 v1.0.1 Auxiliary code for tikzfill
)
(/usr/share/texmf-dist/tex/latex/tikzfill/tikzlibraryfill.image.code.tex
File: tikzlibraryfill.image.code.tex 2023/08/08 v1.0.1 Image filling library
\l__tikzfill_img_box=\box149
)
(/usr/share/texmf-dist/tex/latex/tikzfill/tikzlibraryfill.hexagon.code.tex
File: tikzlibraryfill.hexagon.code.tex 2023/08/08 v1.0.1 Hexagon pattern librar
y

(/usr/share/texmf-dist/tex/generic/pgf/frontendlayer/tikz/libraries/tikzlibrary
patterns.meta.code.tex
(/usr/share/texmf-dist/tex/generic/pgf/libraries/pgflibrarypatterns.meta.code.t
ex))
\l__tikzfill_hex_ring_int=\count489
)
(/usr/share/texmf-dist/tex/latex/tikzfill/tikzlibraryfill.rhombus.code.tex
File: tikzlibraryfill.rhombus.code.tex 2022/07/15 v0.0.1 Rhombus pattern librar
y
))
(/usr/share/texmf-dist/tex/generic/pgf/frontendlayer/tikz/libraries/tikzlibrary
calc.code.tex
File: tikzlibrarycalc.code.tex 2025-08-29 v3.1.11a (3.1.11a)
)
(/usr/share/texmf-dist/tex/generic/pgf/frontendlayer/tikz/libraries/tikzlibrary
plotmarks.code.tex
File: tikzlibraryplotmarks.code.tex 2025-08-29 v3.1.11a (3.1.11a)

(/usr/share/texmf-dist/tex/generic/pgf/libraries/pgflibraryplotmarks.code.tex
File: pgflibraryplotmarks.code.tex 2025-08-29 v3.1.11a (3.1.11a)
)) (/usr/share/texmf-dist/tex/latex/pgfplots/pgfplots.sty
(/usr/share/texmf-dist/tex/generic/pgfplots/pgfplots.revision.tex)
Package: pgfplots 2025/08/14 v1.18.2 Data Visualization (1.18.2)

(/usr/share/texmf-dist/tex/generic/pgfplots/pgfplots.code.tex
(/usr/share/texmf-dist/tex/generic/pgfplots/pgfplotscore.code.tex
\t@pgfplots@toka=\toks78
\t@pgfplots@tokb=\toks79
\t@pgfplots@tokc=\toks80
\pgfplots@tmpa=\dimen405
\c@pgfplots@coordindex=\count490
\c@pgfplots@scanlineindex=\count491

(/usr/share/texmf-dist/tex/generic/pgfplots/sys/pgfplotssysgeneric.code.tex))
(/usr/share/texmf-dist/tex/generic/pgfplots/libs/pgfplotslibrary.code.tex)
(/usr/share/texmf-dist/tex/generic/pgfplots/oldpgfcompatib/pgfplotsoldpgfsupp_l
oader.code.tex
(/usr/share/texmf-dist/tex/generic/pgf/libraries/pgflibraryfpu.code.tex)
(/usr/share/texmf-dist/tex/generic/pgfplots/oldpgfcompatib/pgfplotsoldpgfsupp_p
gfutil-common-lists.tex))
(/usr/share/texmf-dist/tex/generic/pgfplots/util/pgfplotsutil.code.tex
(/usr/share/texmf-dist/tex/generic/pgfplots/liststructure/pgfplotsliststructure
.code.tex)
(/usr/share/texmf-dist/tex/generic/pgfplots/liststructure/pgfplotsliststructure
ext.code.tex)
(/usr/share/texmf-dist/tex/generic/pgfplots/liststructure/pgfplotsarray.code.te
x
\c@pgfplotsarray@tmp=\count492
)
(/usr/share/texmf-dist/tex/generic/pgfplots/liststructure/pgfplotsmatrix.code.t
ex)
(/usr/share/texmf-dist/tex/generic/pgfplots/numtable/pgfplotstableshared.code.t
ex
\c@pgfplotstable@counta=\count493
\t@pgfplotstable@a=\toks81
)
(/usr/share/texmf-dist/tex/generic/pgfplots/liststructure/pgfplotsdeque.code.te
x) (/usr/share/texmf-dist/tex/generic/pgfplots/util/pgfplotsbinary.code.tex
(/usr/share/texmf-dist/tex/generic/pgfplots/util/pgfplotsbinary.data.code.tex))
(/usr/share/texmf-dist/tex/generic/pgfplots/util/pgfplotsutil.verb.code.tex)
(/usr/share/texmf-dist/tex/generic/pgfplots/libs/pgflibrarypgfplots.surfshading
.code.tex
\c@pgfplotslibrarysurf@no=\count494

(/usr/share/texmf-dist/tex/generic/pgfplots/sys/pgflibrarypgfplots.surfshading.
pgfsys-pdftex.def)))
(/usr/share/texmf-dist/tex/generic/pgfplots/util/pgfplotscolormap.code.tex
(/usr/share/texmf-dist/tex/generic/pgfplots/util/pgfplotscolor.code.tex))
(/usr/share/texmf-dist/tex/generic/pgfplots/pgfplotsstackedplots.code.tex)
(/usr/share/texmf-dist/tex/generic/pgfplots/pgfplotsplothandlers.code.tex
(/usr/share/texmf-dist/tex/generic/pgfplots/pgfplotsmeshplothandler.code.tex
(/usr/share/texmf-dist/tex/generic/pgfplots/pgfplotsmeshplotimage.code.tex)))
(/usr/share/texmf-dist/tex/generic/pgfplots/pgfplots.scaling.code.tex)
(/usr/share/texmf-dist/tex/generic/pgfplots/pgfplotscoordprocessing.code.tex)
(/usr/share/texmf-dist/tex/generic/pgfplots/pgfplots.errorbars.code.tex)
(/usr/share/texmf-dist/tex/generic/pgfplots/pgfplots.markers.code.tex)
(/usr/share/texmf-dist/tex/generic/pgfplots/pgfplotsticks.code.tex)
(/usr/share/texmf-dist/tex/generic/pgfplots/pgfplots.paths.code.tex)
(/usr/share/texmf-dist/tex/generic/pgf/frontendlayer/tikz/libraries/tikzlibrary
decorations.code.tex
(/usr/share/texmf-dist/tex/generic/pgf/modules/pgfmoduledecorations.code.tex
\pgfdecoratedcompleteddistance=\dimen406
\pgfdecoratedremainingdistance=\dimen407
\pgfdecoratedinputsegmentcompleteddistance=\dimen408
\pgfdecoratedinputsegmentremainingdistance=\dimen409
\pgf@decorate@distancetomove=\dimen410
\pgf@decorate@repeatstate=\count495
\pgfdecorationsegmentamplitude=\dimen411
\pgfdecorationsegmentlength=\dimen412
)
\tikz@lib@dec@box=\box150
)
(/usr/share/texmf-dist/tex/generic/pgf/frontendlayer/tikz/libraries/tikzlibrary
decorations.pathmorphing.code.tex
(/usr/share/texmf-dist/tex/generic/pgf/libraries/decorations/pgflibrarydecorati
ons.pathmorphing.code.tex))
(/usr/share/texmf-dist/tex/generic/pgf/frontendlayer/tikz/libraries/tikzlibrary
decorations.pathreplacing.code.tex
(/usr/share/texmf-dist/tex/generic/pgf/libraries/decorations/pgflibrarydecorati
ons.pathreplacing.code.tex))
(/usr/share/texmf-dist/tex/generic/pgfplots/libs/tikzlibrarypgfplots.contourlua
.code.tex)
\pgfplots@numplots=\count496
\pgfplots@xmin@reg=\dimen413
\pgfplots@xmax@reg=\dimen414
\pgfplots@ymin@reg=\dimen415
\pgfplots@ymax@reg=\dimen416
\pgfplots@zmin@reg=\dimen417
\pgfplots@zmax@reg=\dimen418
)) (/usr/share/texmf-dist/tex/latex/csquotes/csquotes.sty
Package: csquotes 2024-04-04 v5.2o context-sensitive quotations (JAW)
\csq@reset=\count497
\csq@gtype=\count498
\csq@glevel=\count499
\csq@qlevel=\count500
\csq@maxlvl=\count501
\csq@tshold=\count502
\csq@ltx@everypar=\toks82

(/usr/share/texmf-dist/tex/latex/csquotes/csquotes.def
File: csquotes.def 2024-04-04 v5.2o csquotes generic definitions (JAW)
)
Package csquotes Info: Trying to load configuration file 'csquotes.cfg'...
Package csquotes Info: ... configuration file loaded successfully.

(/usr/share/texmf-dist/tex/latex/csquotes/csquotes.cfg
File: csquotes.cfg 
))
(/usr/share/texmf-dist/tex/latex/jknapltx/mathrsfs.sty
Package: mathrsfs 1996/01/01 Math RSFS package v1.0 (jk)
\symrsfs=\mathgroup12
)
(/usr/share/texmf-dist/tex/generic/pgf/frontendlayer/tikz/libraries/tikzlibrary
arrows.code.tex
File: tikzlibraryarrows.code.tex 2025-08-29 v3.1.11a (3.1.11a)

(/usr/share/texmf-dist/tex/generic/pgf/libraries/pgflibraryarrows.code.tex
File: pgflibraryarrows.code.tex 2025-08-29 v3.1.11a (3.1.11a)
\arrowsize=\dimen419
))
(/usr/share/texmf-dist/tex/generic/pgfplots/libs/tikzlibrarypgfplots.statistics
.code.tex)
(/usr/share/texmf-dist/tex/generic/pgfplots/libs/tikzlibrarypgfplots.fillbetwee
n.code.tex
(/usr/share/texmf-dist/tex/generic/pgfplots/pgfcontrib/tikzlibraryfillbetween.c
ode.tex
(/usr/share/texmf-dist/tex/generic/pgf/frontendlayer/tikz/libraries/tikzlibrary
intersections.code.tex
(/usr/share/texmf-dist/tex/generic/pgf/libraries/pgflibraryintersections.code.t
ex
\pgf@intersect@solutions=\count503
))
(/usr/share/texmf-dist/tex/generic/pgfplots/pgfcontrib/tikzlibrarydecorations.s
oftclip.code.tex
(/usr/share/texmf-dist/tex/generic/pgfplots/pgfcontrib/pgflibraryfillbetween.co
de.tex)))
(/usr/share/texmf-dist/tex/generic/pgfplots/libs/tikzlibrarypgfplots.decoration
s.softclip.code.tex))
(/usr/share/texmf-dist/tex/generic/pgf/frontendlayer/tikz/libraries/tikzlibrary
patterns.code.tex
File: tikzlibrarypatterns.code.tex 2025-08-29 v3.1.11a (3.1.11a)

(/usr/share/texmf-dist/tex/generic/pgf/libraries/pgflibrarypatterns.code.tex
File: pgflibrarypatterns.code.tex 2025-08-29 v3.1.11a (3.1.11a)
))
(/usr/share/texmf-dist/tex/latex/autonum/autonum.sty
Package: autonum 2015/01/18 v0.3.11 Automatic numbering of equations

(/usr/share/texmf-dist/tex/latex/etextools/etextools.sty
Package: etextools 2010/12/07 v3.1415926 e-TeX more useful tools for LaTeX pack
age writers

(/usr/share/texmf-dist/tex/latex/etex-pkg/etex.sty
Package: etex 2016/08/01 v2.7 eTeX basic definition package (PEB,DPC)


Package etex Warning: Extended allocation already in use.
(etex)                etex.sty code will not be used.
(etex)                To force etex package to load, add
(etex)                \RequirePackage{etex}
(etex)                at the start of the document.

) (/usr/share/texmf-dist/tex/latex/letltxmacro/letltxmacro.sty
Package: letltxmacro 2019/12/03 v1.6 Let assignment for LaTeX macros (HO)
)
\ettl@fter=\count504
\ettl@for@nested=\count505
)
\c@autonum@counter=\count506
)
\@nomenclaturefile=\write130
\openout4 = `thesis.nlo'.

Package nomencl Info: Writing nomenclature file thesis.nlo on input line 278.
\glswrite=\write131
\glo@main@file=\write132
\openout4 = `thesis.glo'.

Package glossaries Info: Writing glossary file thesis.glo on input line 294.
\c@count_glossario=\count507

(/usr/share/texmf-dist/tex/latex/tcolorbox/tcbbreakable.code.tex
Library (tcolorbox): 'tcbbreakable.code.tex' version '6.9.0'
(/usr/share/texmf-dist/tex/latex/pdfcol/pdfcol.sty
Package: pdfcol 2022-09-21 v1.7 Handle new color stacks for pdfTeX (HO)
)
Package pdfcol Info: New color stack `tcb@breakable' = 1 on input line 23.
\tcb@testbox=\box151
\tcb@totalupperbox=\box152
\tcb@totallowerbox=\box153
)

Package amsthm Warning: Unknown theoremstyle `definicao' on input line 708.

\c@teorema=\count508
\c@proposicao=\count509
\c@lema=\count510
\c@corolario=\count511
\c@exemplo=\count512
\c@observacao=\count513
\c@definicao=\count514
\@float@every@quadro=\toks83
\c@quadro=\count515
\c@loqdepth=\count516
\cftbeforequadroskip=\skip290
\cftquadroindent=\skip291
\cftquadronumwidth=\skip292
\cftbeforealgorithmtskip=\skip293
\cftalgorithmtindent=\skip294
\cftalgorithmtnumwidth=\skip295
\cftbeforelstlistingskip=\skip296
\cftlstlistingindent=\skip297
\cftlstlistingnumwidth=\skip298
\c@countcodigo=\count517
\c@numresumo=\count518
(/usr/share/texmf-dist/tex/latex/base/fontenc.sty
Package: fontenc 2025/07/18 v2.1d Standard LaTeX package
LaTeX Font Info:    Trying to load font information for T1+ptm on input line 11
6.

(/usr/share/texmf-dist/tex/latex/psnfss/t1ptm.fd
File: t1ptm.fd 2001/06/04 font definitions for T1/ptm.
)<<t1.cmap>>)
(/usr/share/texmf-dist/tex/latex/base/inputenc.sty
Package: inputenc 2024/02/08 v1.3d Input encoding file
\inpenc@prehook=\toks84
\inpenc@posthook=\toks85
)
Package hyperref Info: Option `unicode' set `true' on input line 1691.
Package hyperref Info: Option `colorlinks' set `true' on input line 1691.
\thesis@idxfile=\write133
\openout4 = `thesis.idx'.


Writing index file thesis.idx 
) (/usr/share/texmf-dist/tex/latex/graphics/rotating.sty
Package: rotating 2025/01/14 v2.16e rotated objects in LaTeX
\c@r@tfl@t=\count519
\rotFPtop=\skip299
\rotFPbot=\skip300
\rot@float@box=\box154
\rot@mess@toks=\toks86
)
(/usr/share/texmf-dist/tex/generic/xypic/xy.sty
(/usr/share/texmf-dist/tex/generic/xypic/xy.tex Bootstrap'ing: catcodes,
docmode, (/usr/share/texmf-dist/tex/generic/xypic/xyrecat.tex)
(/usr/share/texmf-dist/tex/generic/xypic/xyidioms.tex)

 Xy-pic version 3.8.9 <2013/10/06>
 Copyright (c) 1991-2013 by Kristoffer H. Rose <krisrose@tug.org> and others
 Xy-pic is free software: see the User's Guide for details.

Loading kernel: messages; fonts; allocations: state,
\X@c=\dimen420
\Y@c=\dimen421
\U@c=\dimen422
\D@c=\dimen423
\L@c=\dimen424
\R@c=\dimen425
\Edge@c=\toks87
\X@p=\dimen426
\Y@p=\dimen427
\U@p=\dimen428
\D@p=\dimen429
\L@p=\dimen430
\R@p=\dimen431
\Edge@p=\toks88
\X@origin=\dimen432
\Y@origin=\dimen433
\X@xbase=\dimen434
\Y@xbase=\dimen435
\X@ybase=\dimen436
\Y@ybase=\dimen437
\X@min=\dimen438
\Y@min=\dimen439
\X@max=\dimen440
\Y@max=\dimen441
\lastobjectbox@=\box155
\zerodotbox@=\box156
\almostz@=\dimen442
 direction,
\d@X=\dimen443
\d@Y=\dimen444
\K@=\count520
\KK@=\count521
\Direction=\count522
\K@dXdY=\dimen445
\K@dYdX=\dimen446
\xyread@=\read7
\xywrite@=\write134
\csp@=\count523
\quotPTK@=\dimen447

utility macros; pictures: \xy, positions,
\swaptoks@@=\toks89
\connectobjectbox@@=\box157
 objects,
\styletoks@=\toks90
 decorations;
kernel objects: directionals, circles, text; options; algorithms: directions,
edges, connections;  Xy-pic loaded)
Package: xy 2013/10/06 Xy-pic version 3.8.9

(/usr/share/texmf-dist/tex/generic/xypic/xyall.tex
 Xy-pic option: All features v.3.8
(/usr/share/texmf-dist/tex/generic/xypic/xycurve.tex
 Xy-pic option: Curve and Spline extension v.3.12 curve,
\crv@cnt@=\count524
\crvpts@=\toks91
\splinebox@=\box158
\splineval@=\dimen448
\splinedepth@=\dimen449
\splinetol@=\dimen450
\splinelength@=\dimen451
 circles,
\L@=\dimen452
 loaded)
(/usr/share/texmf-dist/tex/generic/xypic/xyframe.tex
 Xy-pic option: Frame and Bracket extension v.3.14 loaded)
(/usr/share/texmf-dist/tex/generic/xypic/xycmtip.tex
 Xy-pic option: Computer Modern tip extension v.3.7
(/usr/share/texmf-dist/tex/generic/xypic/xytips.tex
 Xy-pic option: More Tips extension v.3.11 loaded) loaded)
(/usr/share/texmf-dist/tex/generic/xypic/xyline.tex
 Xy-pic option: Line styles extension v.3.10
\xylinethick@=\dimen453
 loaded)
(/usr/share/texmf-dist/tex/generic/xypic/xyrotate.tex
 Xy-pic option: Rotate and Scale extension v.3.8 loaded)
(/usr/share/texmf-dist/tex/generic/xypic/xycolor.tex
 Xy-pic option: Colour extension v.3.11 loaded)
(/usr/share/texmf-dist/tex/generic/xypic/xymatrix.tex
 Xy-pic option: Matrix feature v.3.14
\Row=\count525
\Col=\count526
\queue@=\toks92
\queue@@=\toks93
\qcount@=\count527
\qcount@@=\count528
\matrixsize@=\count529
 loaded)
(/usr/share/texmf-dist/tex/generic/xypic/xyarrow.tex
 Xy-pic option: Arrow and Path feature v.3.9 path, \ar, loaded)
(/usr/share/texmf-dist/tex/generic/xypic/xygraph.tex
 Xy-pic option: Graph feature v.3.11 loaded) loaded)
(/usr/share/texmf-dist/tex/generic/xypic/xyknot.tex
 Xy-pic option: Knots and Links feature v.3.9 knots and links, loaded)
(/usr/share/texmf-dist/tex/generic/xypic/xyarc.tex
 Xy-pic option: Circle, Ellipse, Arc feature v.3.8 circles, ellipses,
elliptical arcs, loaded) (/usr/share/texmf-dist/tex/generic/xypic/xyimport.tex
 Xy-pic option: Import graphics extension v.3.13 loaded)
(/usr/share/texmf-dist/tex/generic/xypic/xypoly.tex
 Xy-pic option: Polygon feature v.3.11 polygons,
\xypolynode@=\count530
 loaded)
(/usr/share/texmf-dist/tex/generic/xypic/xypdf.tex
 Xy-pic option: PDF driver v.1.7 Xy-pic pdf driver: `color' extension support
(/usr/share/texmf-dist/tex/generic/xypic/xypdf-co.tex loaded)
Xy-pic pdf driver: `curve' extension support
(/usr/share/texmf-dist/tex/generic/xypic/xypdf-cu.tex loaded)
Xy-pic pdf driver: `frame' extension support
(/usr/share/texmf-dist/tex/generic/xypic/xypdf-fr.tex loaded)
Xy-pic pdf driver: `line' extension support
(/usr/share/texmf-dist/tex/generic/xypic/xypdf-li.tex loaded)
Xy-pic pdf driver: `rotate' extension support
(/usr/share/texmf-dist/tex/generic/xypic/xypdf-ro.tex loaded) loaded))

Package csquotes Warning: Load 'inputenc' before 'csquotes' on input line 99.

Package csquotes Info: Checking for multilingual support...
Package csquotes Info: ... found 'babel' package.
Package csquotes Info: Adjusting default style.
Package csquotes Info: Redefining alias 'default' -> 'brazil'.
(./thesis.aux
Package babel Info: 'brazil' activates 'portuges' shorthands.
(babel)             Reported on input line 17.
)
\openout1 = `thesis.aux'.

LaTeX Font Info:    Checking defaults for OML/ntxmi/m/it on input line 99.
LaTeX Font Info:    Trying to load font information for OML+ntxmi on input line
 99.
 (/usr/share/texmf-dist/tex/latex/newtx/omlntxmi.fd
File: omlntxmi.fd 2015/08/25 Fontinst v1.933 font definitions for OML/ntxmi.
)
LaTeX Font Info:    ... okay on input line 99.
LaTeX Font Info:    Checking defaults for OMS/cmsy/m/n on input line 99.
LaTeX Font Info:    ... okay on input line 99.
LaTeX Font Info:    Checking defaults for OT1/cmr/m/n on input line 99.
LaTeX Font Info:    ... okay on input line 99.
LaTeX Font Info:    Checking defaults for T1/cmr/m/n on input line 99.
LaTeX Font Info:    ... okay on input line 99.
LaTeX Font Info:    Checking defaults for TS1/cmr/m/n on input line 99.
LaTeX Font Info:    ... okay on input line 99.
LaTeX Font Info:    Checking defaults for OMX/cmex/m/n on input line 99.
LaTeX Font Info:    ... okay on input line 99.
LaTeX Font Info:    Checking defaults for U/ntxexa/m/n on input line 99.
LaTeX Font Info:    Trying to load font information for U+ntxexa on input line 
99.

(/usr/share/texmf-dist/tex/latex/newtx/untxexa.fd
File: untxexa.fd 2012/04/16 Fontinst v1.933 font definitions for U/ntxexa.
)
LaTeX Font Info:    ... okay on input line 99.
LaTeX Font Info:    Checking defaults for PD1/pdf/m/n on input line 99.
LaTeX Font Info:    ... okay on input line 99.
LaTeX Font Info:    Checking defaults for PU/pdf/m/n on input line 99.
LaTeX Font Info:    ... okay on input line 99.
LaTeX Font Info:    Checking defaults for LMS/ntxsy/m/n on input line 99.
LaTeX Font Info:    Trying to load font information for LMS+ntxsy on input line
 99.

(/usr/share/texmf-dist/tex/latex/newtx/lmsntxsy.fd
File: lmsntxsy.fd 2016/07/02 Fontinst v1.933 font definitions for LMS/ntxsy.
)
LaTeX Font Info:    ... okay on input line 99.
LaTeX Font Info:    Checking defaults for LMX/ntxexx/m/n on input line 99.
LaTeX Font Info:    Trying to load font information for LMX+ntxexx on input lin
e 99.

(/usr/share/texmf-dist/tex/latex/newtx/lmxntxexx.fd
File: lmxntxexx.fd 2016/07/03 Fontinst v1.933 font definitions for LMX/ntxexx.
)
LaTeX Font Info:    ... okay on input line 99.
Package hyperref Info: Link coloring ON on input line 99.
\myptabbox=\box159
\myptabboxwidth=\skip301

(/usr/share/texmf-dist/tex/context/base/mkii/supp-pdf.mkii
[Loading MPS to PDF converter (version 2006.09.02).]
\scratchcounter=\count531
\scratchdimen=\dimen454
\scratchbox=\box160
\nofMPsegments=\count532
\nofMParguments=\count533
\everyMPshowfont=\toks94
\MPscratchCnt=\count534
\MPscratchDim=\dimen455
\MPnumerator=\count535
\makeMPintoPDFobject=\count536
\everyMPtoPDFconversion=\toks95
) (/usr/share/texmf-dist/tex/latex/epstopdf-pkg/epstopdf-base.sty
Package: epstopdf-base 2020-01-24 v2.11 Base part for package epstopdf

(/usr/share/texmf-dist/tex/latex/grfext/grfext.sty
Package: grfext 2019/12/03 v1.3 Manage graphics extensions (HO)
)
Package epstopdf-base Info: Redefining graphics rule for `.eps' on input line 4
85.
Package grfext Info: Graphics extension search list:
(grfext)             [.pdf,.png,.jpg,.mps,.jpeg,.jbig2,.jb2,.PDF,.PNG,.JPG,.JPE
G,.JBIG2,.JB2,.eps]
(grfext)             \AppendGraphicsExtensions on input line 504.

(/usr/share/texmf-dist/tex/latex/latexconfig/epstopdf-sys.cfg
File: epstopdf-sys.cfg 2010/07/13 v1.3 Configuration of (r)epstopdf for TeX Liv
e
))
Package caption Info: Begin \AtBeginDocument code.
Package caption Info: float package is loaded.
Package caption Info: listings package is loaded.
Package caption Info: longtable package is loaded.

(/usr/share/texmf-dist/tex/latex/caption/ltcaption.sty
Package: ltcaption 2021/01/08 v1.4c longtable captions (AR)
)
Package caption Info: rotating package is loaded.
Package caption Info: supertabular package is loaded.
Package caption Info: wrapfig package is loaded.
Package caption Info: End \AtBeginDocument code.
Package microtype Info: Patching varwidth to enable character protrusion.
\MT@vwid@leftmargin=\dimen456
\MT@vwid@rightmargin=\dimen457
LaTeX Info: Redefining \microtypecontext on input line 99.
Package microtype Info: Applying patch `item' on input line 99.
Package microtype Info: Applying patch `toc' on input line 99.
Package microtype Info: Applying patch `eqnum' on input line 99.
Package microtype Info: Applying patch `footnote' on input line 99.
Package microtype Info: Applying patch `verbatim' on input line 99.
LaTeX Info: Redefining \microtypesetup on input line 99.
Package microtype Info: Generating PDF output.
Package microtype Info: Character protrusion enabled (level 2).
Package microtype Info: Using default protrusion set `alltext'.
Package microtype Info: Automatic font expansion enabled (level 2),
(microtype)             stretch: 20, shrink: 20, step: 1, non-selected.
Package microtype Info: Using default expansion set `alltext-nott'.
Package microtype Info: Patching command `\showhyphens'.
Package microtype Info: No adjustment of tracking.
Package microtype Info: No adjustment of interword spacing.
Package microtype Info: No adjustment of character kerning.

(/usr/share/texmf-dist/tex/latex/microtype/mt-ptm.cfg
File: mt-ptm.cfg 2006/04/20 v1.7 microtype config. file: Times (RS)
)
(/usr/share/texmf-dist/tex/latex/pdflscape/pdflscape.sty
Package: pdflscape 2025-06-23 v0.14 Display of landscape pages in PDF

(/usr/share/texmf-dist/tex/latex/pdflscape/pdflscape-nometadata.sty
Package: pdflscape-nometadata 2025-06-23 v0.14 Display of landscape pages in PD
F (HO)

(/usr/share/texmf-dist/tex/latex/graphics/lscape.sty
Package: lscape 2020/05/28 v3.02 Landscape Pages (DPC)
)
Package pdflscape Info: Auto-detected driver: pdftex on input line 81.
))
LaTeX Info: Command `\dddot' is already robust on input line 99.
LaTeX Info: Command `\ddddot' is already robust on input line 99.
\c@lstlisting=\count537
Package tocbasic Info: setting babel extension for `lol' on input line 99.
 (./thesis.glsdefs)
Package pgfplots notification 'compat/show suggested version=true': you might b
enefit from \pgfplotsset{compat=1.18} (current compat level: 1.9).

\autonum@environmentWidth=\skip302
LaTeX Font Info:    Trying to load font information for OT1+minntx on input lin
e 99.
(/usr/share/texmf-dist/tex/latex/newtx/ot1minntx.fd
File: ot1minntx.fd 2023/09/09 v1.1 font definition file for OT1/minntx
)
LaTeX Font Info:    Font shape `OT1/minntx/m/n' will be
(Font)              scaled to size 12.0pt on input line 99.
<<ot1.cmap>>
Package microtype Info: Loading generic protrusion settings for font family
(microtype)             `minntx' (encoding: OT1).
(microtype)             For optimal results, create family-specific settings.
(microtype)             See the microtype manual for details.
LaTeX Font Info:    Font shape `OT1/minntx/m/n' will be
(Font)              scaled to size 8.8pt on input line 99.
LaTeX Font Info:    Font shape `OT1/minntx/m/n' will be
(Font)              scaled to size 6.6pt on input line 99.
LaTeX Font Info:    Font shape `OML/ntxmi/m/it' will be
(Font)              scaled to size 12.0pt on input line 99.
<<oml.cmap>>
LaTeX Font Info:    Font shape `OML/ntxmi/m/it' will be
(Font)              scaled to size 8.8pt on input line 99.
LaTeX Font Info:    Font shape `OML/ntxmi/m/it' will be
(Font)              scaled to size 6.6pt on input line 99.
LaTeX Font Info:    Font shape `LMS/ntxsy/m/n' will be
(Font)              scaled to size 12.0pt on input line 99.
LaTeX Font Info:    Font shape `LMS/ntxsy/m/n' will be
(Font)              scaled to size 8.8pt on input line 99.
LaTeX Font Info:    Font shape `LMS/ntxsy/m/n' will be
(Font)              scaled to size 6.6pt on input line 99.
LaTeX Font Info:    Font shape `LMX/ntxexx/m/n' will be
(Font)              scaled to size 12.0pt on input line 99.
LaTeX Font Info:    Font shape `LMX/ntxexx/m/n' will be
(Font)              scaled to size 8.8pt on input line 99.
LaTeX Font Info:    Font shape `LMX/ntxexx/m/n' will be
(Font)              scaled to size 6.6pt on input line 99.

(/usr/share/texmf-dist/tex/latex/microtype/mt-msa.cfg
File: mt-msa.cfg 2006/02/04 v1.1 microtype config. file: AMS symbols (a) (RS)
)
(/usr/share/texmf-dist/tex/latex/microtype/mt-msb.cfg
File: mt-msb.cfg 2005/06/01 v1.0 microtype config. file: AMS symbols (b) (RS)
)
LaTeX Font Info:    Trying to load font information for OT1+ptm on input line 9
9.

(/usr/share/texmf-dist/tex/latex/psnfss/ot1ptm.fd
File: ot1ptm.fd 2001/06/04 font definitions for OT1/ptm.
)
LaTeX Font Info:    Font shape `OT1/ptm/bx/n' in size <12> not available
(Font)              Font shape `OT1/ptm/b/n' tried instead on input line 99.
LaTeX Font Info:    Font shape `OT1/ptm/bx/n' in size <8.8> not available
(Font)              Font shape `OT1/ptm/b/n' tried instead on input line 99.
LaTeX Font Info:    Font shape `OT1/ptm/bx/n' in size <6.6> not available
(Font)              Font shape `OT1/ptm/b/n' tried instead on input line 99.
LaTeX Font Info:    Trying to load font information for U+ntxmia on input line 
99.

(/usr/share/texmf-dist/tex/latex/newtx/untxmia.fd
File: untxmia.fd 2024/04/09 Fontinst v1.933 font definitions for U/ntxmia.
)
LaTeX Font Info:    Font shape `U/ntxmia/m/it' will be
(Font)              scaled to size 12.0pt on input line 99.
LaTeX Font Info:    Font shape `U/ntxmia/m/it' will be
(Font)              scaled to size 8.8pt on input line 99.
LaTeX Font Info:    Font shape `U/ntxmia/m/it' will be
(Font)              scaled to size 6.6pt on input line 99.
LaTeX Font Info:    Trying to load font information for U+ntxsym on input line 
99.

(/usr/share/texmf-dist/tex/latex/newtx/untxsym.fd
File: untxsym.fd 2023/08/16 Fontinst v1.933 font definitions for U/ntxsym.
)
LaTeX Font Info:    Font shape `U/ntxsym/m/n' will be
(Font)              scaled to size 12.0pt on input line 99.
LaTeX Font Info:    Font shape `U/ntxsym/m/n' will be
(Font)              scaled to size 8.8pt on input line 99.
LaTeX Font Info:    Font shape `U/ntxsym/m/n' will be
(Font)              scaled to size 6.6pt on input line 99.
LaTeX Font Info:    Trying to load font information for U+ntxsyc on input line 
99.

(/usr/share/texmf-dist/tex/latex/newtx/untxsyc.fd
File: untxsyc.fd 2012/04/12 Fontinst v1.933 font definitions for U/ntxsyc.
)
LaTeX Font Info:    Font shape `U/ntxsyc/m/n' will be
(Font)              scaled to size 12.0pt on input line 99.
LaTeX Font Info:    Font shape `U/ntxsyc/m/n' will be
(Font)              scaled to size 8.8pt on input line 99.
LaTeX Font Info:    Font shape `U/ntxsyc/m/n' will be
(Font)              scaled to size 6.6pt on input line 99.
LaTeX Font Info:    Font shape `U/ntxexa/m/n' will be
(Font)              scaled to size 12.0pt on input line 99.
LaTeX Font Info:    Font shape `U/ntxexa/m/n' will be
(Font)              scaled to size 8.8pt on input line 99.
LaTeX Font Info:    Font shape `U/ntxexa/m/n' will be
(Font)              scaled to size 6.6pt on input line 99.
LaTeX Font Info:    Trying to load font information for U+rsfs on input line 99
.

(/usr/share/texmf-dist/tex/latex/jknapltx/ursfs.fd
File: ursfs.fd 1998/03/24 rsfs font definition file (jk)
)
LaTeX Font Info:    Trying to load font information for T1+phv on input line 99
.

(/usr/share/texmf-dist/tex/latex/psnfss/t1phv.fd
File: t1phv.fd 2020/03/25 scalable font definitions for T1/phv.
)
Package microtype Info: Loading generic protrusion settings for font family
(microtype)             `phv' (encoding: T1).
(microtype)             For optimal results, create family-specific settings.
(microtype)             See the microtype manual for details.
<packages/capa.pdf, id=10, 596.46838pt x 845.0471pt>
File: packages/capa.pdf Graphic file (type pdf)
<use packages/capa.pdf>
Package pdftex.def Info: packages/capa.pdf  used on input line 99.
(pdftex.def)             Requested size: 596.49423pt x 845.04684pt.


Package morewrites Warning: File 'thesis.mw' exists, using 'thesis1.mw'
(morewrites)                instead.

\openout4 = `thesis1.mw'.

[1{/var/lib/texmf/fonts/map/pdftex/updmap/pdftex.map}{/usr/share/texmf-dist/fon
ts/enc/dvips/base/8r.enc}

 <./packages/capa.pdf>] (./thesis1.mw)
\openout4 = `thesis1.mw'.

\openout4 = `thesis.ist'.

\openout4 = `thesis1.mw'.

\openout4 = `thesis1.mw'.

\openout4 = `thesis1.mw'.

\openout4 = `thesis1.mw'.

\openout4 = `thesis1.mw'.

\openout4 = `thesis1.mw'.

\openout4 = `thesis1.mw'.

\openout4 = `thesis1.mw'.

\openout4 = `thesis1.mw'.

\openout4 = `thesis1.mw'.

\openout4 = `thesis1.mw'.

\openout4 = `thesis1.mw'.

\openout4 = `thesis1.mw'.

\openout4 = `thesis1.mw'.

\openout4 = `thesis1.mw'.

\openout4 = `thesis1.mw'.

\openout4 = `thesis1.mw'.

\openout4 = `thesis1.mw'.

\openout4 = `thesis1.mw'.

\openout4 = `thesis1.mw'.

\openout4 = `thesis1.mw'.

\openout4 = `thesis1.mw'.

\openout4 = `thesis1.mw'.

\openout4 = `thesis1.mw'.

\openout4 = `thesis1.mw'.

\openout4 = `thesis1.mw'.

\openout4 = `thesis1.mw'.

\openout4 = `thesis1.mw'.

\openout4 = `thesis1.mw'.

\openout4 = `thesis1.mw'.

\openout4 = `thesis1.mw'.

\openout4 = `thesis1.mw'.

\openout4 = `thesis1.mw'.

\openout4 = `thesis1.mw'.

\openout4 = `thesis1.mw'.

\openout4 = `thesis1.mw'.

\openout4 = `thesis1.mw'.

\openout4 = `thesis1.mw'.

\openout4 = `thesis1.mw'.

\openout4 = `thesis1.mw'.

\openout4 = `thesis1.mw'.

\openout4 = `thesis1.mw'.

\openout4 = `thesis1.mw'.

\openout4 = `thesis1.mw'.

\openout4 = `thesis1.mw'.

\openout4 = `thesis1.mw'.

\openout4 = `thesis1.mw'.

\openout4 = `thesis1.mw'.

\openout4 = `thesis1.mw'.

\openout4 = `thesis1.mw'.

\openout4 = `thesis1.mw'.

\openout4 = `thesis1.mw'.

\openout4 = `thesis1.mw'.

\openout4 = `thesis1.mw'.

\openout4 = `thesis1.mw'.

\openout4 = `thesis1.mw'.

\openout4 = `thesis1.mw'.

\openout4 = `thesis1.mw'.

\openout4 = `thesis.ist'.

\openout4 = `thesis1.mw'.

 [2

]
(./thesis1.mw)
\openout4 = `thesis1.mw'.


Overfull \hbox (5.93454pt too wide) in paragraph at lines 99--99
[][] 
 []

LaTeX Font Info:    Font shape `T1/phv/m/it' in size <10> not available
(Font)              Font shape `T1/phv/m/sl' tried instead on input line 99.

Underfull \hbox (badness 3088) in paragraph at lines 99--99
[]\T1/phv/m/n/10 Master dissertation submitted to the Institute of
 []


pdfTeX warning (ext4): destination with the same identifier (name{page.1}) has 
been already used, duplicate ignored
<to be read again> 
                   \relax 
l.99 \begin{document}
                     
\openout4 = `thesis1.mw'.

 [1


] (./thesis1.mw)
\openout4 = `thesis1.mw'.

<tex/pre-textual/ficha-catalografica.pdf, id=45, 597.51233pt x 845.0471pt>
File: tex/pre-textual/ficha-catalografica.pdf Graphic file (type pdf)
<use tex/pre-textual/ficha-catalografica.pdf>
Package pdftex.def Info: tex/pre-textual/ficha-catalografica.pdf  used on input
 line 99.
(pdftex.def)             Requested size: 597.51086pt x 845.04504pt.
<tex/pre-textual/ficha-catalografica.pdf, id=47, page=1, 597.51233pt x 845.0471
pt>
File: tex/pre-textual/ficha-catalografica.pdf Graphic file (type pdf)
<use tex/pre-textual/ficha-catalografica.pdf, page 1>
Package pdftex.def Info: tex/pre-textual/ficha-catalografica.pdf , page1 used o
n input line 99.
(pdftex.def)             Requested size: 597.51086pt x 845.04504pt.
File: tex/pre-textual/ficha-catalografica.pdf Graphic file (type pdf)
<use tex/pre-textual/ficha-catalografica.pdf, page 1>
Package pdftex.def Info: tex/pre-textual/ficha-catalografica.pdf , page1 used o
n input line 99.
(pdftex.def)             Requested size: 597.53821pt x 845.08372pt.
File: tex/pre-textual/ficha-catalografica.pdf Graphic file (type pdf)
<use tex/pre-textual/ficha-catalografica.pdf, page 1>
Package pdftex.def Info: tex/pre-textual/ficha-catalografica.pdf , page1 used o
n input line 99.
(pdftex.def)             Requested size: 597.53821pt x 845.08372pt.
File: tex/pre-textual/ficha-catalografica.pdf Graphic file (type pdf)
<use tex/pre-textual/ficha-catalografica.pdf, page 1>
Package pdftex.def Info: tex/pre-textual/ficha-catalografica.pdf , page1 used o
n input line 99.
(pdftex.def)             Requested size: 597.53821pt x 845.08372pt.

pdfTeX warning (ext4): destination with the same identifier (name{page.2}) has 
been already used, duplicate ignored
<to be read again> 
                   \relax 
l.99 \begin{document}
                     
File: tex/pre-textual/ficha-catalografica.pdf Graphic file (type pdf)
<use tex/pre-textual/ficha-catalografica.pdf, page 1>
Package pdftex.def Info: tex/pre-textual/ficha-catalografica.pdf , page1 used o
n input line 99.
(pdftex.def)             Requested size: 597.53821pt x 845.08372pt.
\openout4 = `thesis1.mw'.

 [2

 <./tex/pre-textual/ficha-catalografica.pdf>]
(./thesis1.mw)
\openout4 = `thesis1.mw'.


Underfull \hbox (badness 3088) in paragraph at lines 99--99
[]\T1/phv/m/n/10 Master dissertation submitted to the Institute of
 []

\openout4 = `thesis1.mw'.

[3

] (./thesis1.mw)
\openout4 = `thesis1.mw'.

\openout4 = `thesis1.mw'.

 [4

] (./thesis1.mw)
\openout4 = `thesis1.mw'.

 (./tex/pre-textual/dedicatoria.tex)
\openout4 = `thesis1.mw'.


[5] (./thesis1.mw)
\openout4 = `thesis1.mw'.

\openout4 = `thesis1.mw'.

 [6

] (./thesis1.mw)
\openout4 = `thesis1.mw'.

LaTeX Font Info:    Trying to load font information for T1+lmss on input line 9
9.

(/usr/share/texmf-dist/tex/latex/lm/t1lmss.fd
File: t1lmss.fd 2015/05/01 v1.6.1 Font defs for Latin Modern
)
Package microtype Info: Loading generic protrusion settings for font family
(microtype)             `lmss' (encoding: T1).
(microtype)             For optimal results, create family-specific settings.
(microtype)             See the microtype manual for details.

(./tex/pre-textual/agradecimentos.tex)
\openout4 = `thesis1.mw'.

 [7

{/usr/share/texmf-dist/fonts/enc/dvips/lm/lm-ec.enc}] (./thesis1.mw)
\openout4 = `thesis1.mw'.

\openout4 = `thesis1.mw'.

 [8

] (./thesis1.mw)
\openout4 = `thesis1.mw'.


(./tex/pre-textual/epigrafe.tex)
\openout4 = `thesis1.mw'.

 [9] (./thesis1.mw)
\openout4 = `thesis1.mw'.

\openout4 = `thesis1.mw'.

 [10

] (./thesis1.mw)
\openout4 = `thesis1.mw'.

\c@count=\count538
\openout4 = `thesis1.mw'.


[11

] (./thesis1.mw)
\openout4 = `thesis1.mw'.

\openout4 = `thesis1.mw'.

 [12

] (./thesis1.mw)
\openout4 = `thesis1.mw'.

\openout4 = `thesis1.mw'.

 [13

] (./thesis1.mw)
\openout4 = `thesis1.mw'.

\openout4 = `thesis1.mw'.

 [14

] (./thesis1.mw)
\openout4 = `thesis1.mw'.

(./thesis.lof)
\openout4 = `thesis1.mw'.

 [15{/usr/share/texmf-dist/fonts/enc/dvips/newtx/ntx-ot1-tlf.enc}] (./thesis1.m
w)
\openout4 = `thesis1.mw'.

\openout4 = `thesis1.mw'.

 [16

] (./thesis1.mw)
\openout4 = `thesis1.mw'.

 (./thesis.toc
LaTeX Font Info:    Font shape `T1/lmss/m/it' in size <12> not available
(Font)              Font shape `T1/lmss/m/sl' tried instead on input line 26.
LaTeX Font Info:    Font shape `T1/lmss/bx/it' in size <12> not available
(Font)              Font shape `T1/lmss/bx/sl' tried instead on input line 26.
)
\openout4 = `thesis1.mw'.

 [17] (./thesis1.mw)
\openout4 = `thesis1.mw'.

\openout4 = `thesis1.mw'.


[18

] (./thesis1.mw)
\openout4 = `thesis1.mw'.

Package xypdf Info: Line width: 0.672pt on input line 99.
Package hyperref Info: bookmark level for unknown simbolo defaults to 0 on inpu
t line 109.

Chapter 1.
(./tex/introduction.tex
LaTeX Font Info:    Font shape `OT1/minntx/m/n' will be
(Font)              scaled to size 10.0pt on input line 1.
LaTeX Font Info:    Font shape `OT1/minntx/m/n' will be
(Font)              scaled to size 7.3pt on input line 1.
LaTeX Font Info:    Font shape `OT1/minntx/m/n' will be
(Font)              scaled to size 5.5pt on input line 1.
LaTeX Font Info:    Font shape `OML/ntxmi/m/it' will be
(Font)              scaled to size 10.0pt on input line 1.
LaTeX Font Info:    Font shape `OML/ntxmi/m/it' will be
(Font)              scaled to size 7.3pt on input line 1.
LaTeX Font Info:    Font shape `OML/ntxmi/m/it' will be
(Font)              scaled to size 5.5pt on input line 1.
LaTeX Font Info:    Font shape `LMS/ntxsy/m/n' will be
(Font)              scaled to size 10.0pt on input line 1.
LaTeX Font Info:    Font shape `LMS/ntxsy/m/n' will be
(Font)              scaled to size 7.3pt on input line 1.
LaTeX Font Info:    Font shape `LMS/ntxsy/m/n' will be
(Font)              scaled to size 5.5pt on input line 1.
LaTeX Font Info:    Font shape `LMX/ntxexx/m/n' will be
(Font)              scaled to size 10.0pt on input line 1.
LaTeX Font Info:    Font shape `LMX/ntxexx/m/n' will be
(Font)              scaled to size 7.3pt on input line 1.
LaTeX Font Info:    Font shape `LMX/ntxexx/m/n' will be
(Font)              scaled to size 5.5pt on input line 1.
LaTeX Font Info:    Font shape `OT1/ptm/bx/n' in size <10> not available
(Font)              Font shape `OT1/ptm/b/n' tried instead on input line 1.
LaTeX Font Info:    Font shape `OT1/ptm/bx/n' in size <7.3> not available
(Font)              Font shape `OT1/ptm/b/n' tried instead on input line 1.
LaTeX Font Info:    Font shape `OT1/ptm/bx/n' in size <5.5> not available
(Font)              Font shape `OT1/ptm/b/n' tried instead on input line 1.
LaTeX Font Info:    Font shape `U/ntxmia/m/it' will be
(Font)              scaled to size 10.0pt on input line 1.
LaTeX Font Info:    Font shape `U/ntxmia/m/it' will be
(Font)              scaled to size 7.3pt on input line 1.
LaTeX Font Info:    Font shape `U/ntxmia/m/it' will be
(Font)              scaled to size 5.5pt on input line 1.
LaTeX Font Info:    Font shape `U/ntxsym/m/n' will be
(Font)              scaled to size 10.0pt on input line 1.
LaTeX Font Info:    Font shape `U/ntxsym/m/n' will be
(Font)              scaled to size 7.3pt on input line 1.
LaTeX Font Info:    Font shape `U/ntxsym/m/n' will be
(Font)              scaled to size 5.5pt on input line 1.
LaTeX Font Info:    Font shape `U/ntxsyc/m/n' will be
(Font)              scaled to size 10.0pt on input line 1.
LaTeX Font Info:    Font shape `U/ntxsyc/m/n' will be
(Font)              scaled to size 7.3pt on input line 1.
LaTeX Font Info:    Font shape `U/ntxsyc/m/n' will be
(Font)              scaled to size 5.5pt on input line 1.
LaTeX Font Info:    Font shape `U/ntxexa/m/n' will be
(Font)              scaled to size 10.0pt on input line 1.
LaTeX Font Info:    Font shape `U/ntxexa/m/n' will be
(Font)              scaled to size 7.3pt on input line 1.
LaTeX Font Info:    Font shape `U/ntxexa/m/n' will be
(Font)              scaled to size 5.5pt on input line 1.


LaTeX Font Warning: Font shape `U/rsfs/m/n' in size <5.5> not available
(Font)              size <5> substituted on input line 1.


Underfull \vbox (badness 1052) has occurred while \output is active []

\openout4 = `thesis1.mw'.

 [19

]
(./thesis1.mw)
\openout4 = `thesis1.mw'.


Missing character: There is no ; in font nullfont!

Package pgfplots Warning: 'fill between': Could not activate graphics layer 'pr
e main'. Filled path will be on top of the other ones. Please ensure that 'pre 
main' is somewhere in the layer list (or set '/tikz/fill between/on layer='). o
n input line 26.

LaTeX Font Info:    Font shape `OT1/minntx/m/n' will be
(Font)              scaled to size 10.95pt on input line 29.
LaTeX Font Info:    Font shape `OT1/minntx/m/n' will be
(Font)              scaled to size 8.0pt on input line 29.
LaTeX Font Info:    Font shape `OT1/minntx/m/n' will be
(Font)              scaled to size 6.1pt on input line 29.
LaTeX Font Info:    Font shape `OML/ntxmi/m/it' will be
(Font)              scaled to size 10.95pt on input line 29.
LaTeX Font Info:    Font shape `OML/ntxmi/m/it' will be
(Font)              scaled to size 8.0pt on input line 29.
LaTeX Font Info:    Font shape `OML/ntxmi/m/it' will be
(Font)              scaled to size 6.1pt on input line 29.
LaTeX Font Info:    Font shape `LMS/ntxsy/m/n' will be
(Font)              scaled to size 10.95pt on input line 29.
LaTeX Font Info:    Font shape `LMS/ntxsy/m/n' will be
(Font)              scaled to size 8.0pt on input line 29.
LaTeX Font Info:    Font shape `LMS/ntxsy/m/n' will be
(Font)              scaled to size 6.1pt on input line 29.
LaTeX Font Info:    Font shape `LMX/ntxexx/m/n' will be
(Font)              scaled to size 10.95pt on input line 29.
LaTeX Font Info:    Font shape `LMX/ntxexx/m/n' will be
(Font)              scaled to size 8.0pt on input line 29.
LaTeX Font Info:    Font shape `LMX/ntxexx/m/n' will be
(Font)              scaled to size 6.1pt on input line 29.
LaTeX Font Info:    Font shape `OT1/ptm/bx/n' in size <10.95> not available
(Font)              Font shape `OT1/ptm/b/n' tried instead on input line 29.
LaTeX Font Info:    Font shape `OT1/ptm/bx/n' in size <8> not available
(Font)              Font shape `OT1/ptm/b/n' tried instead on input line 29.
LaTeX Font Info:    Font shape `OT1/ptm/bx/n' in size <6.1> not available
(Font)              Font shape `OT1/ptm/b/n' tried instead on input line 29.
LaTeX Font Info:    Font shape `U/ntxmia/m/it' will be
(Font)              scaled to size 10.95pt on input line 29.
LaTeX Font Info:    Font shape `U/ntxmia/m/it' will be
(Font)              scaled to size 8.0pt on input line 29.
LaTeX Font Info:    Font shape `U/ntxmia/m/it' will be
(Font)              scaled to size 6.1pt on input line 29.
LaTeX Font Info:    Font shape `U/ntxsym/m/n' will be
(Font)              scaled to size 10.95pt on input line 29.
LaTeX Font Info:    Font shape `U/ntxsym/m/n' will be
(Font)              scaled to size 8.0pt on input line 29.
LaTeX Font Info:    Font shape `U/ntxsym/m/n' will be
(Font)              scaled to size 6.1pt on input line 29.
LaTeX Font Info:    Font shape `U/ntxsyc/m/n' will be
(Font)              scaled to size 10.95pt on input line 29.
LaTeX Font Info:    Font shape `U/ntxsyc/m/n' will be
(Font)              scaled to size 8.0pt on input line 29.
LaTeX Font Info:    Font shape `U/ntxsyc/m/n' will be
(Font)              scaled to size 6.1pt on input line 29.
LaTeX Font Info:    Font shape `U/ntxexa/m/n' will be
(Font)              scaled to size 10.95pt on input line 29.
LaTeX Font Info:    Font shape `U/ntxexa/m/n' will be
(Font)              scaled to size 8.0pt on input line 29.
LaTeX Font Info:    Font shape `U/ntxexa/m/n' will be
(Font)              scaled to size 6.1pt on input line 29.
\openout4 = `thesis1.mw'.

[20] (./thesis1.mw)
\openout4 = `thesis1.mw'.

LaTeX Font Info:    Trying to load font information for OT1+lmtt on input line 
37.
 (/usr/share/texmf-dist/tex/latex/lm/ot1lmtt.fd
File: ot1lmtt.fd 2015/05/01 v1.6.1 Font defs for Latin Modern
)<<ot1tt.cmap>>
\openout4 = `thesis1.mw'.

 [21{/usr/share/texmf-dist/fonts/enc/dvips/lm/lm-rmtt.enc}] (./thesis1.mw)
\openout4 = `thesis1.mw'.

\openout4 = `thesis1.mw'.


[22] (./thesis1.mw)
\openout4 = `thesis1.mw'.

\openout4 = `thesis1.mw'.

 [23] (./thesis1.mw)
\openout4 = `thesis1.mw'.

\openout4 = `thesis1.mw'.

\openout4 = `thesis1.mw'.

PGFPlots: reading {./plotdata/SemiCircle.csv}

Missing character: There is no ; in font nullfont!

Package pgfplots Warning: 'fill between': Could not activate graphics layer 'pr
e main'. Filled path will be on top of the other ones. Please ensure that 'pre 
main' is somewhere in the layer list (or set '/tikz/fill between/on layer='). o
n input line 84.


pdfTeX warning (ext4): destination with the same identifier (name{equation.1.1}
) has been already used, duplicate ignored
<to be read again> 
                   \relax 
l.91 \begin{equation}
                     
pdfTeX warning (ext4): destination with the same identifier (name{equation.1.1}
) has been already used, duplicate ignored
<to be read again> 
                   \relax 
l.91 \begin{equation}
                     
pdfTeX warning (ext4): destination with the same identifier (name{equation.1.1}
) has been already used, duplicate ignored
<to be read again> 
                   \relax 
l.91 \begin{equation}
                     
pdfTeX warning (ext4): destination with the same identifier (name{equation.1.1}
) has been already used, duplicate ignored
<to be read again> 
                   \relax 
l.91 \begin{equation}
                     
\openout4 = `thesis1.mw'.

 [24] (./thesis1.mw)
\openout4 = `thesis1.mw'.


pdfTeX warning (ext4): destination with the same identifier (name{equation.1.1}
) has been already used, duplicate ignored
<to be read again> 
                   \relax 
l.97 \begin{equation}
                     
pdfTeX warning (ext4): destination with the same identifier (name{equation.1.1}
) has been already used, duplicate ignored
<to be read again> 
                   \relax 
l.97 \begin{equation}
                     
pdfTeX warning (ext4): destination with the same identifier (name{equation.1.1}
) has been already used, duplicate ignored
<to be read again> 
                   \relax 
l.97 \begin{equation}
                     
pdfTeX warning (ext4): destination with the same identifier (name{equation.1.1}
) has been already used, duplicate ignored
<to be read again> 
                   \relax 
l.97 \begin{equation}
                     
PGFPlots: reading {./plotdata/TracyWidom-1.csv}

Missing character: There is no ; in font nullfont!

Package pgfplots Warning: 'fill between': Could not activate graphics layer 'pr
e main'. Filled path will be on top of the other ones. Please ensure that 'pre 
main' is somewhere in the layer list (or set '/tikz/fill between/on layer='). o
n input line 114.


pdfTeX warning (ext4): destination with the same identifier (name{equation.1.1}
) has been already used, duplicate ignored
<to be read again> 
                   \relax 
l.121 \begin{equation}
                      
pdfTeX warning (ext4): destination with the same identifier (name{equation.1.1}
) has been already used, duplicate ignored
<to be read again> 
                   \relax 
l.121 \begin{equation}
                      
pdfTeX warning (ext4): destination with the same identifier (name{equation.1.1}
) has been already used, duplicate ignored
<to be read again> 
                   \relax 
l.121 \begin{equation}
                      
pdfTeX warning (ext4): destination with the same identifier (name{equation.1.1}
) has been already used, duplicate ignored
<to be read again> 
                   \relax 
l.121 \begin{equation}
                      
\openout4 = `thesis1.mw'.

 [25] (./thesis1.mw)
\openout4 = `thesis1.mw'.

\openout4 = `thesis1.mw'.

 [26] (./thesis1.mw)
\openout4 = `thesis1.mw'.


pdfTeX warning (ext4): destination with the same identifier (name{equation.1.1}
) has been already used, duplicate ignored
<to be read again> 
                   \relax 
l.135 \begin{equation}
                      
pdfTeX warning (ext4): destination with the same identifier (name{equation.1.1}
) has been already used, duplicate ignored
<to be read again> 
                   \relax 
l.135 \begin{equation}
                      
pdfTeX warning (ext4): destination with the same identifier (name{equation.1.1}
) has been already used, duplicate ignored
<to be read again> 
                   \relax 
l.135 \begin{equation}
                      
pdfTeX warning (ext4): destination with the same identifier (name{equation.1.1}
) has been already used, duplicate ignored
<to be read again> 
                   \relax 
l.135 \begin{equation}
                      
pdfTeX warning (ext4): destination with the same identifier (name{equation.1.1}
) has been already used, duplicate ignored
<to be read again> 
                   \relax 
l.140 \begin{equation}
                      
pdfTeX warning (ext4): destination with the same identifier (name{equation.1.1}
) has been already used, duplicate ignored
<to be read again> 
                   \relax 
l.140 \begin{equation}
                      
pdfTeX warning (ext4): destination with the same identifier (name{equation.1.1}
) has been already used, duplicate ignored
<to be read again> 
                   \relax 
l.140 \begin{equation}
                      
pdfTeX warning (ext4): destination with the same identifier (name{equation.1.1}
) has been already used, duplicate ignored
<to be read again> 
                   \relax 
l.140 \begin{equation}
                      
\openout4 = `thesis1.mw'.

 [27] (./thesis1.mw)
\openout4 = `thesis1.mw'.

PGFPlots: reading {./plotdata/Symmetric/5lines/a3t1.csv}

NOTE: coordinate (-0.8258429002255127,-0.2469738094242704) has been dropped bec
ause of a coordinate filter. (see also unbounded coords=jump). 
NOTE: coordinate (0.4850449666226846,-0.8341710080904964) has been dropped beca
use of a coordinate filter. (see also unbounded coords=jump). 
NOTE: coordinate (-0.8682497033189278,-0.09454917523086478) has been dropped be
cause of a coordinate filter. (see also unbounded coords=jump). 
NOTE: coordinate (0.3888320376146292,0.6530087715470654) has been dropped becau
se of a coordinate filter. (see also unbounded coords=jump). 
NOTE: coordinate (0.3969513577305041,-0.5450484947571165) has been dropped beca
use of a coordinate filter. (see also unbounded coords=jump). 
NOTE: coordinate (0.5758137014065172,-0.6988403704306013) has been dropped beca
use of a coordinate filter. (see also unbounded coords=jump). 
NOTE: coordinate (-0.9974752843900228,0.10255641316171296) has been dropped bec
ause of a coordinate filter. (see also unbounded coords=jump). 
NOTE: coordinate (-0.9211178022520041,-0.18299264619399178) has been dropped be
cause of a coordinate filter. (see also unbounded coords=jump). 
NOTE: coordinate (0.5685515721419877,-0.56814947995117) has been dropped becaus
e of a coordinate filter. (see also unbounded coords=jump). 
NOTE: coordinate (0.281911866581963,-0.4423000580074693) has been dropped becau
se of a coordinate filter. (see also unbounded coords=jump). 
NOTE: coordinate (0.12344542263035702,-0.16765555935024495) has been dropped be
cause of a coordinate filter. (see also unbounded coords=jump). 
NOTE: coordinate (0.2794671701331717,0.8644968084403379) has been dropped becau
se of a coordinate filter. (see also unbounded coords=jump). 
NOTE: coordinate (0.19558293409428879,-0.6091793046258944) has been dropped bec
ause of a coordinate filter. (see also unbounded coords=jump). 
NOTE: coordinate (0.08225899983758492,-0.3659758675424233) has been dropped bec
ause of a coordinate filter. (see also unbounded coords=jump). 
NOTE: coordinate (-0.6591217440479173,0.20849622262356052) has been dropped bec
ause of a coordinate filter. (see also unbounded coords=jump). 
NOTE: coordinate (0.06678280019746108,0.5231634997684839) has been dropped beca
use of a coordinate filter. (see also unbounded coords=jump). 
NOTE: coordinate (0.14773720421358133,-0.6789968975365213) has been dropped bec
ause of a coordinate filter. (see also unbounded coords=jump). 
NOTE: coordinate (-0.7591635983358024,0.25971802524871757) has been dropped bec
ause of a coordinate filter. (see also unbounded coords=jump). 
NOTE: coordinate (0.2771190287030623,0.581398079307592) has been dropped becaus
e of a coordinate filter. (see also unbounded coords=jump). 
NOTE: coordinate (0.6526419120245093,0.6330654171264344) has been dropped becau
se of a coordinate filter. (see also unbounded coords=jump). 
NOTE: coordinate (-0.7985580371679227,0.2784340311554227) has been dropped beca
use of a coordinate filter. (see also unbounded coords=jump). 
NOTE: coordinate (0.33036991862131637,0.6955663053846913) has been dropped beca
use of a coordinate filter. (see also unbounded coords=jump). 
NOTE: coordinate (-0.6425206052483257,0.1295472943072867) has been dropped beca
use of a coordinate filter. (see also unbounded coords=jump). 
NOTE: coordinate (-0.9679621554269303,-0.14375282952497717) has been dropped be
cause of a coordinate filter. (see also unbounded coords=jump). 
NOTE: coordinate (0.5868746882649273,0.4070335223069926) has been dropped becau
se of a coordinate filter. (see also unbounded coords=jump). 
NOTE: coordinate (-0.7461254995151144,-0.28770638396991394) has been dropped be
cause of a coordinate filter. (see also unbounded coords=jump). 
NOTE: coordinate (-0.5767618921792506,-0.19072488346799119) has been dropped be
cause of a coordinate filter. (see also unbounded coords=jump). 
NOTE: coordinate (0.43572720425341216,-0.8171370385853206) has been dropped bec
ause of a coordinate filter. (see also unbounded coords=jump). 
NOTE: coordinate (0.3940653156464577,0.7191135218907192) has been dropped becau
se of a coordinate filter. (see also unbounded coords=jump). 
NOTE: coordinate (0.622100980746543,0.5417393494758167) has been dropped becaus
e of a coordinate filter. (see also unbounded coords=jump). 
NOTE: coordinate (0.5568920705899298,-0.7080394703375211) has been dropped beca
use of a coordinate filter. (see also unbounded coords=jump). 
NOTE: coordinate (0.21873326808925417,-0.8020377853554151) has been dropped bec
ause of a coordinate filter. (see also unbounded coords=jump). 
NOTE: coordinate (0.41751730759741634,-0.9038142094600659) has been dropped bec
ause of a coordinate filter. (see also unbounded coords=jump). 
NOTE: coordinate (0.385034659217686,0.8609948930352616) has been dropped becaus
e of a coordinate filter. (see also unbounded coords=jump). 
NOTE: coordinate (-0.8578473024640629,0.24261208045256516) has been dropped bec
ause of a coordinate filter. (see also unbounded coords=jump). 
NOTE: coordinate (0.11424652463514742,0.6752507918138552) has been dropped beca
use of a coordinate filter. (see also unbounded coords=jump). 
NOTE: coordinate (-0.8842387703270114,0.20278489204075123) has been dropped bec
ause of a coordinate filter. (see also unbounded coords=jump). 
NOTE: coordinate (0.612396285276083,-0.6346197895611188) has been dropped becau
se of a coordinate filter. (see also unbounded coords=jump). 
NOTE: coordinate (0.3184248372485228,0.8302313568736156) has been dropped becau
se of a coordinate filter. (see also unbounded coords=jump). 
NOTE: coordinate (-0.36446088858872483,-0.4880018571022083) has been dropped be
cause of a coordinate filter. (see also unbounded coords=jump). 
NOTE: coordinate (0.5140249682052285,0.8161496945878141) has been dropped becau
se of a coordinate filter. (see also unbounded coords=jump). 
NOTE: coordinate (0.12341667910277289,0.7763967610090996) has been dropped beca
use of a coordinate filter. (see also unbounded coords=jump). 
NOTE: coordinate (0.3335075860350429,-0.884508753265814) has been dropped becau
se of a coordinate filter. (see also unbounded coords=jump). 
NOTE: coordinate (0.5889716041972466,-0.378004317360853) has been dropped becau
se of a coordinate filter. (see also unbounded coords=jump). 
NOTE: coordinate (-0.9861705365659967,-0.07610374316074013) has been dropped be
cause of a coordinate filter. (see also unbounded coords=jump). 
NOTE: coordinate (0.47458271854092904,0.6349537311028256) has been dropped beca
use of a coordinate filter. (see also unbounded coords=jump). 
NOTE: coordinate (-0.8585006529950429,-0.01255603020806337) has been dropped be
cause of a coordinate filter. (see also unbounded coords=jump). 
NOTE: coordinate (0.5103823116741899,-0.48006148064140375) has been dropped bec
ause of a coordinate filter. (see also unbounded coords=jump). 
NOTE: coordinate (-0.7916638046891584,0.10236140391430718) has been dropped bec
ause of a coordinate filter. (see also unbounded coords=jump). 
NOTE: coordinate (0.5365613956741595,-0.7595961032575134) has been dropped beca
use of a coordinate filter. (see also unbounded coords=jump). 
NOTE: coordinate (0.4187787108837793,0.7779948436825895) has been dropped becau
se of a coordinate filter. (see also unbounded coords=jump). 
NOTE: coordinate (0.2961561945718283,-0.7195807983147499) has been dropped beca
use of a coordinate filter. (see also unbounded coords=jump). 
NOTE: coordinate (-0.9544380800572675,0.09610473473496055) has been dropped bec
ause of a coordinate filter. (see also unbounded coords=jump). 
NOTE: coordinate (0.33526746706569277,0.8110546532285222) has been dropped beca
use of a coordinate filter. (see also unbounded coords=jump). 
NOTE: coordinate (0.44741295439894285,-0.8596345769177688) has been dropped bec
ause of a coordinate filter. (see also unbounded coords=jump). 
NOTE: coordinate (0.204536852600796,-0.845857186343625) has been dropped becaus
e of a coordinate filter. (see also unbounded coords=jump). 
NOTE: coordinate (-0.9080845481191002,0.07013593425787629) has been dropped bec
ause of a coordinate filter. (see also unbounded coords=jump). 
NOTE: coordinate (0.0724268148221037,-0.5064181730896861) has been dropped beca
use of a coordinate filter. (see also unbounded coords=jump). 
NOTE: coordinate (0.251446190461096,0.7920733573696949) has been dropped becaus
e of a coordinate filter. (see also unbounded coords=jump). 
NOTE: coordinate (0.5028451721131411,-0.8492265045614257) has been dropped beca
use of a coordinate filter. (see also unbounded coords=jump). 
NOTE: coordinate (-0.4989477060900061,0.21215959580417593) has been dropped bec
ause of a coordinate filter. (see also unbounded coords=jump). 
NOTE: coordinate (0.6167116525288824,-0.5327913449271521) has been dropped beca
use of a coordinate filter. (see also unbounded coords=jump). 
NOTE: coordinate (0.23659241339741632,0.8499247528429976) has been dropped beca
use of a coordinate filter. (see also unbounded coords=jump). 
NOTE: coordinate (0.5065840055209514,0.5646965247625487) has been dropped becau
se of a coordinate filter. (see also unbounded coords=jump). 
NOTE: coordinate (-0.9804146829038941,0.023913257776008633) has been dropped be
cause of a coordinate filter. (see also unbounded coords=jump). 
NOTE: coordinate (-0.7556930149595938,-0.08830975534632018) has been dropped be
cause of a coordinate filter. (see also unbounded coords=jump). 
NOTE: coordinate (-0.6948525051817813,0.02388757986520791) has been dropped bec
ause of a coordinate filter. (see also unbounded coords=jump). 
NOTE: coordinate (0.6160126351629551,0.7388379914977076) has been dropped becau
se of a coordinate filter. (see also unbounded coords=jump). 
NOTE: coordinate (-0.9545979369599888,-0.0314324607554316) has been dropped bec
ause of a coordinate filter. (see also unbounded coords=jump). 
NOTE: coordinate (0.10538837374698908,-0.8037137769850022) has been dropped bec
ause of a coordinate filter. (see also unbounded coords=jump). 
NOTE: coordinate (0.5273073284770704,-0.656176397812229) has been dropped becau
se of a coordinate filter. (see also unbounded coords=jump). 
NOTE: coordinate (-0.8338591653625074,-0.14390824714969258) has been dropped be
cause of a coordinate filter. (see also unbounded coords=jump). 
NOTE: coordinate (0.48778480759066134,-0.7354373807604597) has been dropped bec
ause of a coordinate filter. (see also unbounded coords=jump). 
NOTE: coordinate (0.14219803493823216,0.6385691823851797) has been dropped beca
use of a coordinate filter. (see also unbounded coords=jump). 
NOTE: coordinate (0.3191524436511654,0.9036746139000225) has been dropped becau
se of a coordinate filter. (see also unbounded coords=jump). 
NOTE: coordinate (0.5167474785757604,0.7849734421968598) has been dropped becau
se of a coordinate filter. (see also unbounded coords=jump). 
NOTE: coordinate (0.4831379884141849,0.1725149462783089) has been dropped becau
se of a coordinate filter. (see also unbounded coords=jump). 
NOTE: coordinate (-0.5784842415576887,-0.013757581724043757) has been dropped b
ecause of a coordinate filter. (see also unbounded coords=jump). 
NOTE: coordinate (0.6215097196453899,-0.7516146674148514) has been dropped beca
use of a coordinate filter. (see also unbounded coords=jump). 
NOTE: coordinate (-0.8687158441462038,0.041353367347041335) has been dropped be
cause of a coordinate filter. (see also unbounded coords=jump). 
NOTE: coordinate (0.4848346786145157,0.8375556818496376) has been dropped becau
se of a coordinate filter. (see also unbounded coords=jump). 
NOTE: coordinate (0.44938517380991133,0.7178527825105517) has been dropped beca
use of a coordinate filter. (see also unbounded coords=jump). 
NOTE: coordinate (0.45657375932210353,0.8794666196853403) has been dropped beca
use of a coordinate filter. (see also unbounded coords=jump). 
NOTE: coordinate (-0.7481162622647032,-0.17032758715775706) has been dropped be
cause of a coordinate filter. (see also unbounded coords=jump). 
NOTE: coordinate (-0.9185306686480228,-0.06539468039574638) has been dropped be
cause of a coordinate filter. (see also unbounded coords=jump). 
NOTE: coordinate (0.5935805723448396,0.642231677089784) has been dropped becaus
e of a coordinate filter. (see also unbounded coords=jump). 
NOTE: coordinate (0.3750129081839963,0.5227685998848827) has been dropped becau
se of a coordinate filter. (see also unbounded coords=jump). 
NOTE: coordinate (-0.7969830206709354,-0.05286711524110406) has been dropped be
cause of a coordinate filter. (see also unbounded coords=jump). 
NOTE: coordinate (0.3959251994242737,-0.8575453287232739) has been dropped beca
use of a coordinate filter. (see also unbounded coords=jump). 
NOTE: coordinate (0.5826084752080284,0.7808953516130643) has been dropped becau
se of a coordinate filter. (see also unbounded coords=jump). 
NOTE: coordinate (0.6290844198406326,0.7804677034325587) has been dropped becau
se of a coordinate filter. (see also unbounded coords=jump). 
NOTE: coordinate (0.3983447190592452,-0.7573441796100102) has been dropped beca
use of a coordinate filter. (see also unbounded coords=jump). 
NOTE: coordinate (-1.0041187781587455,0.14517644178375855) has been dropped bec
ause of a coordinate filter. (see also unbounded coords=jump). 
NOTE: coordinate (0.3734212601962848,-0.6976454804455492) has been dropped beca
use of a coordinate filter. (see also unbounded coords=jump). 
NOTE: coordinate (0.543906976777212,-0.3123278735840366) has been dropped becau
se of a coordinate filter. (see also unbounded coords=jump). 
NOTE: coordinate (-0.856814035376993,-0.19990643635863536) has been dropped bec
ause of a coordinate filter. (see also unbounded coords=jump). 
NOTE: coordinate (0.2444611256759414,0.5096504768664684) has been dropped becau
se of a coordinate filter. (see also unbounded coords=jump). 
NOTE: coordinate (0.31517731223648743,0.7471831155169536) has been dropped beca
use of a coordinate filter. (see also unbounded coords=jump). 
NOTE: coordinate (-0.4902494371758735,0.3378931339005293) has been dropped beca
use of a coordinate filter. (see also unbounded coords=jump). 
NOTE: coordinate (0.29978020510234343,-0.9223251125660915) has been dropped bec
ause of a coordinate filter. (see also unbounded coords=jump). 
NOTE: coordinate (-0.8943875703305025,-0.1893410700974147) has been dropped bec
ause of a coordinate filter. (see also unbounded coords=jump). 
NOTE: coordinate (0.4651430134149164,-0.877223345299468) has been dropped becau
se of a coordinate filter. (see also unbounded coords=jump). 
NOTE: coordinate (-1.0140473716738898,0.03103910647984794) has been dropped bec
ause of a coordinate filter. (see also unbounded coords=jump). 
NOTE: coordinate (0.41148670742566046,0.452138043003579) has been dropped becau
se of a coordinate filter. (see also unbounded coords=jump). 
NOTE: coordinate (0.48816457959367004,-0.3647312214205399) has been dropped bec
ause of a coordinate filter. (see also unbounded coords=jump). 
NOTE: coordinate (0.49313414698979374,-0.8144235706165495) has been dropped bec
ause of a coordinate filter. (see also unbounded coords=jump). 
NOTE: coordinate (-1.01339195208873,0.1026290329601722) has been dropped becaus
e of a coordinate filter. (see also unbounded coords=jump). 
NOTE: coordinate (-0.8318068466685539,-0.16095795996539222) has been dropped be
cause of a coordinate filter. (see also unbounded coords=jump). 
NOTE: coordinate (0.39833280096744667,-0.5878396625544338) has been dropped bec
ause of a coordinate filter. (see also unbounded coords=jump). 
NOTE: coordinate (0.6443968223817403,-0.6062218647525086) has been dropped beca
use of a coordinate filter. (see also unbounded coords=jump). 
NOTE: coordinate (0.341039640758165,-0.2863891007493645) has been dropped becau
se of a coordinate filter. (see also unbounded coords=jump). 
NOTE: coordinate (0.14475412066554563,0.7099958710852002) has been dropped beca
use of a coordinate filter. (see also unbounded coords=jump). 
NOTE: coordinate (0.18216414535419856,-0.6980956205963128) has been dropped bec
ause of a coordinate filter. (see also unbounded coords=jump). 
NOTE: coordinate (0.050195415717703196,-0.4360197218441545) has been dropped be
cause of a coordinate filter. (see also unbounded coords=jump). 
NOTE: coordinate (-0.9405005648451151,0.12083449367024356) has been dropped bec
ause of a coordinate filter. (see also unbounded coords=jump). 
NOTE: coordinate (-0.0896723518794665,0.49651987214213344) has been dropped bec
ause of a coordinate filter. (see also unbounded coords=jump). 
NOTE: coordinate (0.24640650574831946,-0.8424817747879615) has been dropped bec
ause of a coordinate filter. (see also unbounded coords=jump). 
NOTE: coordinate (-0.981582154289954,-0.04569546830213112) has been dropped bec
ause of a coordinate filter. (see also unbounded coords=jump). 
NOTE: coordinate (0.32454944174752176,0.7288170358117043) has been dropped beca
use of a coordinate filter. (see also unbounded coords=jump). 
NOTE: coordinate (0.6156466066484574,0.6231845822167233) has been dropped becau
se of a coordinate filter. (see also unbounded coords=jump). 
NOTE: coordinate (-0.7795685879304461,0.08625327403645108) has been dropped bec
ause of a coordinate filter. (see also unbounded coords=jump). 
NOTE: coordinate (0.33147929725918795,0.42110444839426064) has been dropped bec
ause of a coordinate filter. (see also unbounded coords=jump). 
NOTE: coordinate (-0.5938748987063477,-0.051273892594404784) has been dropped b
ecause of a coordinate filter. (see also unbounded coords=jump). 
NOTE: coordinate (-0.770470325303938,-0.034100135703223074) has been dropped be
cause of a coordinate filter. (see also unbounded coords=jump). 
NOTE: coordinate (0.5449847667064974,0.522309810426913) has been dropped becaus
e of a coordinate filter. (see also unbounded coords=jump). 
NOTE: coordinate (-0.7873153473712166,-0.28435212596901294) has been dropped be
cause of a coordinate filter. (see also unbounded coords=jump). 
NOTE: coordinate (-0.6257934863234728,-0.23796936630501403) has been dropped be
cause of a coordinate filter. (see also unbounded coords=jump). 
NOTE: coordinate (0.5649917810972902,-0.7826344444421369) has been dropped beca
use of a coordinate filter. (see also unbounded coords=jump). 
NOTE: coordinate (0.3384300953543704,0.8652096530209682) has been dropped becau
se of a coordinate filter. (see also unbounded coords=jump). 
NOTE: coordinate (0.4311801960173952,0.6747926467332498) has been dropped becau
se of a coordinate filter. (see also unbounded coords=jump). 
NOTE: coordinate (0.5834419553268577,-0.7262949198199388) has been dropped beca
use of a coordinate filter. (see also unbounded coords=jump). 
NOTE: coordinate (0.40860471338546195,-0.8739430797654911) has been dropped bec
ause of a coordinate filter. (see also unbounded coords=jump). 
NOTE: coordinate (0.2216021589954549,-0.7322302547079631) has been dropped beca
use of a coordinate filter. (see also unbounded coords=jump). 
NOTE: coordinate (0.35896197184920536,0.8922461490828832) has been dropped beca
use of a coordinate filter. (see also unbounded coords=jump). 
NOTE: coordinate (-0.6906060634860701,0.2290284636277784) has been dropped beca
use of a coordinate filter. (see also unbounded coords=jump). 
NOTE: coordinate (0.414733728136179,0.7423674391531252) has been dropped becaus
e of a coordinate filter. (see also unbounded coords=jump). 
NOTE: coordinate (-0.7618350730595604,0.19666716132816306) has been dropped bec
ause of a coordinate filter. (see also unbounded coords=jump). 
NOTE: coordinate (0.6387974980443806,-0.5421992764422704) has been dropped beca
use of a coordinate filter. (see also unbounded coords=jump). 
NOTE: coordinate (0.5101855616528875,0.8815123552319543) has been dropped becau
se of a coordinate filter. (see also unbounded coords=jump). 
NOTE: coordinate (-0.10837775942830312,-0.3543442161647217) has been dropped be
cause of a coordinate filter. (see also unbounded coords=jump). 
NOTE: coordinate (0.5813639105532876,0.7746002947851013) has been dropped becau
se of a coordinate filter. (see also unbounded coords=jump). 
NOTE: coordinate (0.14129426971215384,0.8027617889389603) has been dropped beca
use of a coordinate filter. (see also unbounded coords=jump). 
NOTE: coordinate (0.24908573151446337,-0.8828475555149883) has been dropped bec
ause of a coordinate filter. (see also unbounded coords=jump). 
NOTE: coordinate (0.5706468558341081,-0.5957953125898703) has been dropped beca
use of a coordinate filter. (see also unbounded coords=jump). 
NOTE: coordinate (-0.8402247852655473,-0.22004473816458153) has been dropped be
cause of a coordinate filter. (see also unbounded coords=jump). 
NOTE: coordinate (0.47587707586134603,0.6215577218791946) has been dropped beca
use of a coordinate filter. (see also unbounded coords=jump). 
NOTE: coordinate (-0.9376827373750238,-0.12484360590705398) has been dropped be
cause of a coordinate filter. (see also unbounded coords=jump). 
NOTE: coordinate (0.5632555132714772,-0.6904426304218887) has been dropped beca
use of a coordinate filter. (see also unbounded coords=jump). 
NOTE: coordinate (-0.9508997054928351,0.07936632565474507) has been dropped bec
ause of a coordinate filter. (see also unbounded coords=jump). 
NOTE: coordinate (0.5346688750580993,-0.6590141543885769) has been dropped beca
use of a coordinate filter. (see also unbounded coords=jump). 
NOTE: coordinate (0.2782700839197745,0.8623343775006886) has been dropped becau
se of a coordinate filter. (see also unbounded coords=jump). 
NOTE: coordinate (0.3025455358722472,-0.8002976370962228) has been dropped beca
use of a coordinate filter. (see also unbounded coords=jump). 
NOTE: coordinate (-0.8897370639632314,0.1532699264217813) has been dropped beca
use of a coordinate filter. (see also unbounded coords=jump). 
NOTE: coordinate (0.2572508476135642,0.8272443901850309) has been dropped becau
se of a coordinate filter. (see also unbounded coords=jump). 
NOTE: coordinate (0.41204917169148986,-0.6273057379138177) has been dropped bec
ause of a coordinate filter. (see also unbounded coords=jump). 
NOTE: coordinate (0.33439738473848135,-0.8962717376400496) has been dropped bec
ause of a coordinate filter. (see also unbounded coords=jump). 
NOTE: coordinate (-0.7553038491399574,0.3192144324784528) has been dropped beca
use of a coordinate filter. (see also unbounded coords=jump). 
NOTE: coordinate (0.1256623214569077,-0.5336395791603099) has been dropped beca
use of a coordinate filter. (see also unbounded coords=jump). 
NOTE: coordinate (0.3168327136410478,0.927212766995552) has been dropped becaus
e of a coordinate filter. (see also unbounded coords=jump). 
NOTE: coordinate (0.5238388542520418,-0.9097208134870399) has been dropped beca
use of a coordinate filter. (see also unbounded coords=jump). 
NOTE: coordinate (-0.5851150511561033,0.16606088604763458) has been dropped bec
ause of a coordinate filter. (see also unbounded coords=jump). 
NOTE: coordinate (0.5335018684899919,-0.5945024199761083) has been dropped beca
use of a coordinate filter. (see also unbounded coords=jump). 
NOTE: coordinate (0.33397284866112464,0.8250937820616208) has been dropped beca
use of a coordinate filter. (see also unbounded coords=jump). 
NOTE: coordinate (0.374407346422192,0.6451864892768622) has been dropped becaus
e of a coordinate filter. (see also unbounded coords=jump). 
NOTE: coordinate (-0.7770306068292169,0.010365511651010014) has been dropped be
cause of a coordinate filter. (see also unbounded coords=jump). 
NOTE: coordinate (-0.7089618654768809,-0.1662247946272739) has been dropped bec
ause of a coordinate filter. (see also unbounded coords=jump). 
NOTE: coordinate (-0.574252975830348,-0.003685363840303528) has been dropped be
cause of a coordinate filter. (see also unbounded coords=jump). 
NOTE: coordinate (0.6158409441592427,0.6902588117408327) has been dropped becau
se of a coordinate filter. (see also unbounded coords=jump). 
NOTE: coordinate (-0.9446077086239978,-0.05694435623148123) has been dropped be
cause of a coordinate filter. (see also unbounded coords=jump). 
NOTE: coordinate (0.3101807780299154,-0.8713697596048272) has been dropped beca
use of a coordinate filter. (see also unbounded coords=jump). 
NOTE: coordinate (0.19705087697019735,-0.7899813720873877) has been dropped bec
ause of a coordinate filter. (see also unbounded coords=jump). 
NOTE: coordinate (-0.8427837794485283,-0.0948820106118995) has been dropped bec
ause of a coordinate filter. (see also unbounded coords=jump). 
NOTE: coordinate (0.608875903987252,-0.7798324592326564) has been dropped becau
se of a coordinate filter. (see also unbounded coords=jump). 
NOTE: coordinate (0.06179809038949021,0.6494175193492238) has been dropped beca
use of a coordinate filter. (see also unbounded coords=jump). 
NOTE: coordinate (0.5442245681655566,0.7994195219422612) has been dropped becau
se of a coordinate filter. (see also unbounded coords=jump). 
NOTE: coordinate (0.517660016938345,0.7424966722743304) has been dropped becaus
e of a coordinate filter. (see also unbounded coords=jump). 
NOTE: coordinate (0.5366855830679657,0.2760263442188003) has been dropped becau
se of a coordinate filter. (see also unbounded coords=jump). 
NOTE: coordinate (-0.4452610713690054,-0.05791278595144283) has been dropped be
cause of a coordinate filter. (see also unbounded coords=jump). 
NOTE: coordinate (0.4431740394350086,-0.8136815890256145) has been dropped beca
use of a coordinate filter. (see also unbounded coords=jump). 
NOTE: coordinate (-0.9999959183486012,-0.004791331264908317) has been dropped b
ecause of a coordinate filter. (see also unbounded coords=jump). 
NOTE: coordinate (0.4157822389868369,0.8591728151634164) has been dropped becau
se of a coordinate filter. (see also unbounded coords=jump). 
NOTE: coordinate (0.4988086765976928,0.8550903781236134) has been dropped becau
se of a coordinate filter. (see also unbounded coords=jump). 
NOTE: coordinate (0.4281773629779947,0.7963747873215126) has been dropped becau
se of a coordinate filter. (see also unbounded coords=jump). 
NOTE: coordinate (-0.7081853036766865,-0.2968696027600716) has been dropped bec
ause of a coordinate filter. (see also unbounded coords=jump). 
NOTE: coordinate (-0.9239221580435836,0.18127380236110413) has been dropped bec
ause of a coordinate filter. (see also unbounded coords=jump). 
NOTE: coordinate (0.6284518683847349,0.46203737693253993) has been dropped beca
use of a coordinate filter. (see also unbounded coords=jump). 
NOTE: coordinate (0.49522366831151626,0.4190393237123233) has been dropped beca
use of a coordinate filter. (see also unbounded coords=jump). 
NOTE: coordinate (-0.9131568964648695,0.020888795711010266) has been dropped be
cause of a coordinate filter. (see also unbounded coords=jump). 
NOTE: coordinate (0.38032192061003584,-0.8087700031385301) has been dropped bec
ause of a coordinate filter. (see also unbounded coords=jump). 
NOTE: coordinate (0.4756075064711718,0.7267589041843731) has been dropped becau
se of a coordinate filter. (see also unbounded coords=jump). 
NOTE: coordinate (0.5879172359817546,0.7061500757370776) has been dropped becau
se of a coordinate filter. (see also unbounded coords=jump). 
NOTE: coordinate (0.2973532579576559,-0.571169226745743) has been dropped becau
se of a coordinate filter. (see also unbounded coords=jump). 
NOTE: coordinate (-0.8614055805367846,0.09540392549065368) has been dropped bec
ause of a coordinate filter. (see also unbounded coords=jump). 
NOTE: coordinate (0.3967008677534295,-0.7457939466040413) has been dropped beca
use of a coordinate filter. (see also unbounded coords=jump). 
NOTE: coordinate (0.5713977125999029,-0.4581075110142445) has been dropped beca
use of a coordinate filter. (see also unbounded coords=jump). 
NOTE: coordinate (-0.8686340115112636,-0.08111527795372671) has been dropped be
cause of a coordinate filter. (see also unbounded coords=jump). 
NOTE: coordinate (0.194656553038889,0.33202700692151127) has been dropped becau
se of a coordinate filter. (see also unbounded coords=jump). 
NOTE: coordinate (0.2843322212452944,0.6569061767730181) has been dropped becau
se of a coordinate filter. (see also unbounded coords=jump). 
NOTE: coordinate (-0.5703995527667851,0.3191587310929324) has been dropped beca
use of a coordinate filter. (see also unbounded coords=jump). 
NOTE: coordinate (0.33731657309751206,-0.743011144141019) has been dropped beca
use of a coordinate filter. (see also unbounded coords=jump). 
NOTE: coordinate (-0.790500064759792,-0.12558989692739653) has been dropped bec
ause of a coordinate filter. (see also unbounded coords=jump). 
NOTE: coordinate (0.15218182131394792,-0.8044314738703534) has been dropped bec
ause of a coordinate filter. (see also unbounded coords=jump). 
NOTE: coordinate (-0.9926693465911572,-0.1011847938707079) has been dropped bec
ause of a coordinate filter. (see also unbounded coords=jump). 
NOTE: coordinate (0.4775593859446657,0.4828852333376146) has been dropped becau
se of a coordinate filter. (see also unbounded coords=jump). 
NOTE: coordinate (0.5098361649493505,-0.3341269603356632) has been dropped beca
use of a coordinate filter. (see also unbounded coords=jump). 
NOTE: coordinate (0.4984171833274373,-0.8623394330928894) has been dropped beca
use of a coordinate filter. (see also unbounded coords=jump). 
NOTE: coordinate (-0.9327803351651321,0.005670876856928383) has been dropped be
cause of a coordinate filter. (see also unbounded coords=jump). 
NOTE: coordinate (-0.7470204314074765,-0.1738835817046272) has been dropped bec
ause of a coordinate filter. (see also unbounded coords=jump). 
NOTE: coordinate (0.5181217064305962,-0.8095451432645703) has been dropped beca
use of a coordinate filter. (see also unbounded coords=jump). 
NOTE: coordinate (0.6459956981238385,-0.5497207264812631) has been dropped beca
use of a coordinate filter. (see also unbounded coords=jump). 
NOTE: coordinate (0.3080815438300526,-0.5005509325598182) has been dropped beca
use of a coordinate filter. (see also unbounded coords=jump). 
NOTE: coordinate (0.09925573285806599,0.6865801904258441) has been dropped beca
use of a coordinate filter. (see also unbounded coords=jump). 
NOTE: coordinate (0.034126426007953715,-0.6185839960768195) has been dropped be
cause of a coordinate filter. (see also unbounded coords=jump). 
NOTE: coordinate (0.20460128601980163,-0.6535091477028373) has been dropped bec
ause of a coordinate filter. (see also unbounded coords=jump). 
NOTE: coordinate (-0.7669417208032219,0.19409382154956364) has been dropped bec
ause of a coordinate filter. (see also unbounded coords=jump). 
NOTE: coordinate (0.2080773260461089,0.4920715567974682) has been dropped becau
se of a coordinate filter. (see also unbounded coords=jump). 
NOTE: coordinate (0.31284258784212426,-0.7164398931871592) has been dropped bec
ause of a coordinate filter. (see also unbounded coords=jump). 
NOTE: coordinate (-0.9657487158511449,0.09152103823556916) has been dropped bec
ause of a coordinate filter. (see also unbounded coords=jump). 
NOTE: coordinate (0.33884990290099287,0.7654566413342743) has been dropped beca
use of a coordinate filter. (see also unbounded coords=jump). 
NOTE: coordinate (0.5855557271146814,0.5614124482703492) has been dropped becau
se of a coordinate filter. (see also unbounded coords=jump). 
NOTE: coordinate (-0.7232998910297503,-0.1430747217402952) has been dropped bec
ause of a coordinate filter. (see also unbounded coords=jump). 
NOTE: coordinate (0.36419856871398343,0.24195685376675677) has been dropped bec
ause of a coordinate filter. (see also unbounded coords=jump). 
NOTE: coordinate (-0.9748008351954208,0.08247639484777489) has been dropped bec
ause of a coordinate filter. (see also unbounded coords=jump). 
NOTE: coordinate (-0.4252545784768056,-0.07792650659078736) has been dropped be
cause of a coordinate filter. (see also unbounded coords=jump). 
NOTE: coordinate (0.6263537644280112,0.6108967459488638) has been dropped becau
se of a coordinate filter. (see also unbounded coords=jump). 
NOTE: coordinate (-0.5624985616711587,-0.20628413838440104) has been dropped be
cause of a coordinate filter. (see also unbounded coords=jump). 
NOTE: coordinate (-0.7770123633436017,-0.22176938739594243) has been dropped be
cause of a coordinate filter. (see also unbounded coords=jump). 
NOTE: coordinate (0.4966633899791313,-0.832162939794508) has been dropped becau
se of a coordinate filter. (see also unbounded coords=jump). 
NOTE: coordinate (0.21937459744058788,0.8036308471594743) has been dropped beca
use of a coordinate filter. (see also unbounded coords=jump). 
NOTE: coordinate (0.43179466097632335,0.7905342826078952) has been dropped beca
use of a coordinate filter. (see also unbounded coords=jump). 
NOTE: coordinate (0.5820619695344398,-0.7086579355251997) has been dropped beca
use of a coordinate filter. (see also unbounded coords=jump). 
NOTE: coordinate (0.4766262602449908,-0.8987092488685756) has been dropped beca
use of a coordinate filter. (see also unbounded coords=jump). 
NOTE: coordinate (0.10781464885451564,-0.5581510822387502) has been dropped bec
ause of a coordinate filter. (see also unbounded coords=jump). 
NOTE: coordinate (0.5228472594053748,0.8078070885953442) has been dropped becau
se of a coordinate filter. (see also unbounded coords=jump). 
NOTE: coordinate (-0.7094309373433199,0.2944839279970148) has been dropped beca
use of a coordinate filter. (see also unbounded coords=jump). 
NOTE: coordinate (0.45656015804471767,0.9466454486208784) has been dropped beca
use of a coordinate filter. (see also unbounded coords=jump). 
NOTE: coordinate (-0.9005808640488575,-0.023116644026396963) has been dropped b
ecause of a coordinate filter. (see also unbounded coords=jump). 
NOTE: coordinate (0.5087913174679926,-0.6078032031645747) has been dropped beca
use of a coordinate filter. (see also unbounded coords=jump). 
NOTE: coordinate (0.38861251093499705,0.8718496390602849) has been dropped beca
use of a coordinate filter. (see also unbounded coords=jump). 
NOTE: coordinate (-0.21777208708986404,-0.011920716553906776) has been dropped 
because of a coordinate filter. (see also unbounded coords=jump). 
NOTE: coordinate (0.4244268390867819,0.7694398410798342) has been dropped becau
se of a coordinate filter. (see also unbounded coords=jump). 
NOTE: coordinate (0.24639340991672976,0.8261635869807376) has been dropped beca
use of a coordinate filter. (see also unbounded coords=jump). 
NOTE: coordinate (0.08170747087641039,-0.7042463966494737) has been dropped bec
ause of a coordinate filter. (see also unbounded coords=jump). 
NOTE: coordinate (0.5863056973700467,-0.45774327611020577) has been dropped bec
ause of a coordinate filter. (see also unbounded coords=jump). 
NOTE: coordinate (-0.8434774352562617,-0.09323540041141616) has been dropped be
cause of a coordinate filter. (see also unbounded coords=jump). 
NOTE: coordinate (0.4568868692110276,0.5367252957838258) has been dropped becau
se of a coordinate filter. (see also unbounded coords=jump). 
NOTE: coordinate (-0.9487088320800011,-0.18343795773744745) has been dropped be
cause of a coordinate filter. (see also unbounded coords=jump). 
NOTE: coordinate (0.6167351150995941,-0.6986149641171424) has been dropped beca
use of a coordinate filter. (see also unbounded coords=jump). 
NOTE: coordinate (-0.8282625111501264,0.28992138094162445) has been dropped bec
ause of a coordinate filter. (see also unbounded coords=jump). 
NOTE: coordinate (0.5616756687218254,-0.8658247070403411) has been dropped beca
use of a coordinate filter. (see also unbounded coords=jump). 
NOTE: coordinate (0.30549645335130937,0.9170617643308747) has been dropped beca
use of a coordinate filter. (see also unbounded coords=jump). 
NOTE: coordinate (0.41452712860298924,-0.8922998105002016) has been dropped bec
ause of a coordinate filter. (see also unbounded coords=jump). 
NOTE: coordinate (-0.7800813072946005,0.12824240817308077) has been dropped bec
ause of a coordinate filter. (see also unbounded coords=jump). 
NOTE: coordinate (0.20603940754621633,0.6909320931958375) has been dropped beca
use of a coordinate filter. (see also unbounded coords=jump). 
NOTE: coordinate (0.20609532859659366,-0.7119345522086994) has been dropped bec
ause of a coordinate filter. (see also unbounded coords=jump). 
NOTE: coordinate (0.41742465226531633,-0.8272738827809294) has been dropped bec
ause of a coordinate filter. (see also unbounded coords=jump). 
NOTE: coordinate (-0.6446540144807377,0.20608847203146866) has been dropped bec
ause of a coordinate filter. (see also unbounded coords=jump). 
NOTE: coordinate (0.36014529701398135,-0.8418772901235054) has been dropped bec
ause of a coordinate filter. (see also unbounded coords=jump). 
NOTE: coordinate (0.25756992998342293,0.7442872016936338) has been dropped beca
use of a coordinate filter. (see also unbounded coords=jump). 
NOTE: coordinate (0.39241963266740665,-0.7884420298580145) has been dropped bec
ause of a coordinate filter. (see also unbounded coords=jump). 
NOTE: coordinate (-0.7702783256072361,0.07145730577356994) has been dropped bec
ause of a coordinate filter. (see also unbounded coords=jump). 
NOTE: coordinate (0.36984821846497884,-0.6721944820457979) has been dropped bec
ause of a coordinate filter. (see also unbounded coords=jump). 
NOTE: coordinate (0.41197611035695336,0.8409104072779345) has been dropped beca
use of a coordinate filter. (see also unbounded coords=jump). 
NOTE: coordinate (0.19148643755249445,0.8799565515364669) has been dropped beca
use of a coordinate filter. (see also unbounded coords=jump). 
NOTE: coordinate (-0.8730508939188711,3.6431419743726654e-4) has been dropped b
ecause of a coordinate filter. (see also unbounded coords=jump). 
NOTE: coordinate (-0.9246621983704599,-0.1905585631259272) has been dropped bec
ause of a coordinate filter. (see also unbounded coords=jump). 
NOTE: coordinate (-0.5016443911539819,0.13296874862175043) has been dropped bec
ause of a coordinate filter. (see also unbounded coords=jump). 
NOTE: coordinate (0.5430028569572144,0.7584840316721746) has been dropped becau
se of a coordinate filter. (see also unbounded coords=jump). 
NOTE: coordinate (-0.9770360532973251,-0.032353076885640424) has been dropped b
ecause of a coordinate filter. (see also unbounded coords=jump). 
NOTE: coordinate (0.5348183552993451,-0.654711019817392) has been dropped becau
se of a coordinate filter. (see also unbounded coords=jump). 
NOTE: coordinate (0.3150572689272831,-0.8495842275243396) has been dropped beca
use of a coordinate filter. (see also unbounded coords=jump). 
NOTE: coordinate (-0.9146305875990041,-0.06881496968313024) has been dropped be
cause of a coordinate filter. (see also unbounded coords=jump). 
NOTE: coordinate (0.549777554508544,-0.7754543404775024) has been dropped becau
se of a coordinate filter. (see also unbounded coords=jump). 
NOTE: coordinate (0.10328054509673375,0.7880287003386264) has been dropped beca
use of a coordinate filter. (see also unbounded coords=jump). 
NOTE: coordinate (0.6058463308493424,0.7628888638076476) has been dropped becau
se of a coordinate filter. (see also unbounded coords=jump). 
NOTE: coordinate (0.6259516218174302,0.7553599062200275) has been dropped becau
se of a coordinate filter. (see also unbounded coords=jump). 
NOTE: coordinate (0.5346269365732405,0.28512557184317233) has been dropped beca
use of a coordinate filter. (see also unbounded coords=jump). 
NOTE: coordinate (-0.6030284221878323,0.17814157345384724) has been dropped bec
ause of a coordinate filter. (see also unbounded coords=jump). 
NOTE: coordinate (0.5963743235230167,-0.5819657117573425) has been dropped beca
use of a coordinate filter. (see also unbounded coords=jump). 
NOTE: coordinate (-0.9141670727077477,0.12093764243816112) has been dropped bec
ause of a coordinate filter. (see also unbounded coords=jump). 
NOTE: coordinate (0.4672663756136198,0.8938146701611219) has been dropped becau
se of a coordinate filter. (see also unbounded coords=jump). 
NOTE: coordinate (0.48436014164460234,0.7786180242119558) has been dropped beca
use of a coordinate filter. (see also unbounded coords=jump). 
NOTE: coordinate (0.4005150078498193,0.6777375908041237) has been dropped becau
se of a coordinate filter. (see also unbounded coords=jump). 
NOTE: coordinate (-0.6590569632819215,-0.28096240757121616) has been dropped be
cause of a coordinate filter. (see also unbounded coords=jump). 
NOTE: coordinate (-0.8656639363161038,0.13417335141892936) has been dropped bec
ause of a coordinate filter. (see also unbounded coords=jump). 
NOTE: coordinate (0.462900983191218,0.6929149739184592) has been dropped becaus
e of a coordinate filter. (see also unbounded coords=jump). 
NOTE: coordinate (0.5539538347570814,0.36519425253134824) has been dropped beca
use of a coordinate filter. (see also unbounded coords=jump). 
NOTE: coordinate (-0.9627249481257749,-0.10483747558787919) has been dropped be
cause of a coordinate filter. (see also unbounded coords=jump). 
NOTE: coordinate (0.21371239081632948,-0.8498433010545308) has been dropped bec
ause of a coordinate filter. (see also unbounded coords=jump). 
NOTE: coordinate (0.5693805772717141,0.6985478177948744) has been dropped becau
se of a coordinate filter. (see also unbounded coords=jump). 
NOTE: coordinate (0.6712583996244587,0.6722158385914931) has been dropped becau
se of a coordinate filter. (see also unbounded coords=jump). 
NOTE: coordinate (0.2047959217267186,-0.3276480744624495) has been dropped beca
use of a coordinate filter. (see also unbounded coords=jump). 
NOTE: coordinate (-0.8632720826139112,0.1876640059059196) has been dropped beca
use of a coordinate filter. (see also unbounded coords=jump). 
NOTE: coordinate (0.29838241170590973,-0.7727173764002636) has been dropped bec
ause of a coordinate filter. (see also unbounded coords=jump). 
NOTE: coordinate (0.4004353781085698,-0.5268743518119513) has been dropped beca
use of a coordinate filter. (see also unbounded coords=jump). 
NOTE: coordinate (-0.6474355709526997,-0.059226274800883986) has been dropped b
ecause of a coordinate filter. (see also unbounded coords=jump). 
NOTE: coordinate (0.268029793943856,0.5005370421886146) has been dropped becaus
e of a coordinate filter. (see also unbounded coords=jump). 
NOTE: coordinate (0.34330877934894033,0.5964822783102007) has been dropped beca
use of a coordinate filter. (see also unbounded coords=jump). 
NOTE: coordinate (-0.526151826319671,0.28715298628951036) has been dropped beca
use of a coordinate filter. (see also unbounded coords=jump). 
NOTE: coordinate (0.47351249856568506,-0.7071554686541114) has been dropped bec
ause of a coordinate filter. (see also unbounded coords=jump). 
NOTE: coordinate (-0.8482345738325825,-0.21675387746305644) has been dropped be
cause of a coordinate filter. (see also unbounded coords=jump). 
NOTE: coordinate (0.17420023211901034,-0.6000265932826979) has been dropped bec
ause of a coordinate filter. (see also unbounded coords=jump). 
NOTE: coordinate (-0.7677346298344989,-0.24572942187088512) has been dropped be
cause of a coordinate filter. (see also unbounded coords=jump). 
NOTE: coordinate (0.611641086589364,0.7460884240232438) has been dropped becaus
e of a coordinate filter. (see also unbounded coords=jump). 
NOTE: coordinate (0.6549294923651363,-0.4607208637763144) has been dropped beca
use of a coordinate filter. (see also unbounded coords=jump). 
NOTE: coordinate (0.3332996071449152,-0.7782434374980313) has been dropped beca
use of a coordinate filter. (see also unbounded coords=jump). 
NOTE: coordinate (-0.9365110105094352,-0.08496957906333286) has been dropped be
cause of a coordinate filter. (see also unbounded coords=jump). 
NOTE: coordinate (-0.8400034389455191,-0.10709111891550507) has been dropped be
cause of a coordinate filter. (see also unbounded coords=jump). 
NOTE: coordinate (0.4715955922479043,-0.9118261826947901) has been dropped beca
use of a coordinate filter. (see also unbounded coords=jump). 
NOTE: coordinate (0.6102126593396788,-0.6844767640236625) has been dropped beca
use of a coordinate filter. (see also unbounded coords=jump). 
NOTE: coordinate (0.1267462371435947,-0.4717297486161251) has been dropped beca
use of a coordinate filter. (see also unbounded coords=jump). 
NOTE: coordinate (0.02191514075052523,0.4867668566159266) has been dropped beca
use of a coordinate filter. (see also unbounded coords=jump). 
NOTE: coordinate (0.22705171676629324,-0.768405245557189) has been dropped beca
use of a coordinate filter. (see also unbounded coords=jump). 
NOTE: coordinate (0.3108946517921089,-0.6087522603587536) has been dropped beca
use of a coordinate filter. (see also unbounded coords=jump). 
NOTE: coordinate (-0.6742565336480404,0.3097259227623058) has been dropped beca
use of a coordinate filter. (see also unbounded coords=jump). 
NOTE: coordinate (0.1906965072336867,0.5552668195563102) has been dropped becau
se of a coordinate filter. (see also unbounded coords=jump). 
NOTE: coordinate (0.5506134769084465,-0.6669636944816135) has been dropped beca
use of a coordinate filter. (see also unbounded coords=jump). 
NOTE: coordinate (-1.0058340880024021,0.05398359454412726) has been dropped bec
ause of a coordinate filter. (see also unbounded coords=jump). 
NOTE: coordinate (0.34503629566799715,0.9099887479818791) has been dropped beca
use of a coordinate filter. (see also unbounded coords=jump). 
NOTE: coordinate (0.6343870827415329,0.577008196066493) has been dropped becaus
e of a coordinate filter. (see also unbounded coords=jump). 
NOTE: coordinate (-0.5963787508674628,0.006574082039066509) has been dropped be
cause of a coordinate filter. (see also unbounded coords=jump). 
NOTE: coordinate (0.5352667892450332,0.5201230325668256) has been dropped becau
se of a coordinate filter. (see also unbounded coords=jump). 
NOTE: coordinate (-0.8733628660427981,0.13920023859493147) has been dropped bec
ause of a coordinate filter. (see also unbounded coords=jump). 
NOTE: coordinate (-0.4704931336510782,-0.2081619387178088) has been dropped bec
ause of a coordinate filter. (see also unbounded coords=jump). 
NOTE: coordinate (0.5730512727462908,0.6815484501223411) has been dropped becau
se of a coordinate filter. (see also unbounded coords=jump). 
NOTE: coordinate (-0.5916207037518001,-0.18885381224902031) has been dropped be
cause of a coordinate filter. (see also unbounded coords=jump). 
NOTE: coordinate (-0.9368844624753205,0.011065648890335768) has been dropped be
cause of a coordinate filter. (see also unbounded coords=jump). 
NOTE: coordinate (0.546437175430536,-0.8826551085421017) has been dropped becau
se of a coordinate filter. (see also unbounded coords=jump). 
NOTE: coordinate (0.31160395645305755,0.7821499207327246) has been dropped beca
use of a coordinate filter. (see also unbounded coords=jump). 
NOTE: coordinate (0.2414577704416046,0.8261028722876963) has been dropped becau
se of a coordinate filter. (see also unbounded coords=jump). 
NOTE: coordinate (0.5395855364543999,-0.7296096648066244) has been dropped beca
use of a coordinate filter. (see also unbounded coords=jump). 
NOTE: coordinate (0.45838271564251254,-0.7237565645715041) has been dropped bec
ause of a coordinate filter. (see also unbounded coords=jump). 
NOTE: coordinate (0.4608182926156692,-0.5311727996330479) has been dropped beca
use of a coordinate filter. (see also unbounded coords=jump). 
NOTE: coordinate (0.3852096857976331,0.9340955437412798) has been dropped becau
se of a coordinate filter. (see also unbounded coords=jump). 
NOTE: coordinate (-0.6192139039392863,0.24144699973803505) has been dropped bec
ause of a coordinate filter. (see also unbounded coords=jump). 
NOTE: coordinate (0.4688921480136824,0.8201991798958448) has been dropped becau
se of a coordinate filter. (see also unbounded coords=jump). 
NOTE: coordinate (-0.9804514016979013,-0.1121955836294644) has been dropped bec
ause of a coordinate filter. (see also unbounded coords=jump). 
NOTE: coordinate (0.5577693070795166,-0.603577133925645) has been dropped becau
se of a coordinate filter. (see also unbounded coords=jump). 
NOTE: coordinate (0.39790962893666365,0.8432096693588373) has been dropped beca
use of a coordinate filter. (see also unbounded coords=jump). 
NOTE: coordinate (-0.3558734483495101,-0.0810071221563584) has been dropped bec
ause of a coordinate filter. (see also unbounded coords=jump). 
NOTE: coordinate (0.32040000313403955,0.7253529011689238) has been dropped beca
use of a coordinate filter. (see also unbounded coords=jump). 
NOTE: coordinate (0.12998584727049273,0.7596401151451113) has been dropped beca
use of a coordinate filter. (see also unbounded coords=jump). 
NOTE: coordinate (0.08521327666777767,-0.7609602020883578) has been dropped bec
ause of a coordinate filter. (see also unbounded coords=jump). 
NOTE: coordinate (0.6066222042563515,-0.42575370797359885) has been dropped bec
ause of a coordinate filter. (see also unbounded coords=jump). 
NOTE: coordinate (-0.9104140982218718,0.04966807790040473) has been dropped bec
ause of a coordinate filter. (see also unbounded coords=jump). 
NOTE: coordinate (0.48216836826265685,0.4355134660321853) has been dropped beca
use of a coordinate filter. (see also unbounded coords=jump). 
NOTE: coordinate (-0.7036523423095468,-0.20223517465651364) has been dropped be
cause of a coordinate filter. (see also unbounded coords=jump). 
NOTE: coordinate (0.3861185014733921,-0.8920373772381455) has been dropped beca
use of a coordinate filter. (see also unbounded coords=jump). 
NOTE: coordinate (-0.857579410554947,0.2744814616795105) has been dropped becau
se of a coordinate filter. (see also unbounded coords=jump). 
NOTE: coordinate (0.40519945897764964,-0.8670500658171647) has been dropped bec
ause of a coordinate filter. (see also unbounded coords=jump). 
NOTE: coordinate (0.5204100323005345,0.8456271980579977) has been dropped becau
se of a coordinate filter. (see also unbounded coords=jump). 
NOTE: coordinate (0.2845202817022346,-0.7825859435819793) has been dropped beca
use of a coordinate filter. (see also unbounded coords=jump). 
NOTE: coordinate (-1.0042603227839433,-0.03279092036958206) has been dropped be
cause of a coordinate filter. (see also unbounded coords=jump). 
NOTE: coordinate (0.16254969506366929,0.6932310196562966) has been dropped beca
use of a coordinate filter. (see also unbounded coords=jump). 
NOTE: coordinate (0.2118257107129601,-0.8733613424823051) has been dropped beca
use of a coordinate filter. (see also unbounded coords=jump). 
NOTE: coordinate (0.5215209397853202,-0.7786982428125485) has been dropped beca
use of a coordinate filter. (see also unbounded coords=jump). 
NOTE: coordinate (-0.775892820411789,0.08079255439159665) has been dropped beca
use of a coordinate filter. (see also unbounded coords=jump). 
NOTE: coordinate (0.3287965857204072,-0.7382162122416108) has been dropped beca
use of a coordinate filter. (see also unbounded coords=jump). 
NOTE: coordinate (0.2872155089530953,0.8909081703516201) has been dropped becau
se of a coordinate filter. (see also unbounded coords=jump). 
NOTE: coordinate (0.5516306406823043,-0.7842158154164591) has been dropped beca
use of a coordinate filter. (see also unbounded coords=jump). 
NOTE: coordinate (-0.8725027028698801,0.24445021123682673) has been dropped bec
ause of a coordinate filter. (see also unbounded coords=jump). 
NOTE: coordinate (0.3607333879273171,-0.46976545612036935) has been dropped bec
ause of a coordinate filter. (see also unbounded coords=jump). 
NOTE: coordinate (0.3910044042903834,0.7358585029502098) has been dropped becau
se of a coordinate filter. (see also unbounded coords=jump). 
NOTE: coordinate (0.14748815203285973,0.8445024925706583) has been dropped beca
use of a coordinate filter. (see also unbounded coords=jump). 
NOTE: coordinate (-0.7103495235114463,0.10072924161065429) has been dropped bec
ause of a coordinate filter. (see also unbounded coords=jump). 
NOTE: coordinate (-0.952610970376171,-0.17217006203702329) has been dropped bec
ause of a coordinate filter. (see also unbounded coords=jump). 
NOTE: coordinate (-0.703522880032077,-0.045599745837880006) has been dropped be
cause of a coordinate filter. (see also unbounded coords=jump). 
NOTE: coordinate (0.5649909042953156,0.7964194971390047) has been dropped becau
se of a coordinate filter. (see also unbounded coords=jump). 
NOTE: coordinate (-0.931009443155959,-0.05365087180490344) has been dropped bec
ause of a coordinate filter. (see also unbounded coords=jump). 
NOTE: coordinate (0.5295957605246798,-0.5359995969925246) has been dropped beca
use of a coordinate filter. (see also unbounded coords=jump). 
NOTE: coordinate (0.368850059460342,-0.6078607131747614) has been dropped becau
se of a coordinate filter. (see also unbounded coords=jump). 
NOTE: coordinate (-0.8121055260936405,-0.03113579699603138) has been dropped be
cause of a coordinate filter. (see also unbounded coords=jump). 
NOTE: coordinate (0.46520720267859345,-0.8025761147503049) has been dropped bec
ause of a coordinate filter. (see also unbounded coords=jump). 
NOTE: coordinate (0.04550430986426904,0.6327684021422261) has been dropped beca
use of a coordinate filter. (see also unbounded coords=jump). 
NOTE: coordinate (0.4168100281668318,0.6483948190557067) has been dropped becau
se of a coordinate filter. (see also unbounded coords=jump). 
NOTE: coordinate (0.493209526796803,0.7827060145520611) has been dropped becaus
e of a coordinate filter. (see also unbounded coords=jump). 
NOTE: coordinate (0.32143722569007416,0.2559910899529401) has been dropped beca
use of a coordinate filter. (see also unbounded coords=jump). 
NOTE: coordinate (-0.8255978891080229,-0.001415736602496223) has been dropped b
ecause of a coordinate filter. (see also unbounded coords=jump). 
NOTE: coordinate (0.6471827838221004,-0.6491970806185892) has been dropped beca
use of a coordinate filter. (see also unbounded coords=jump). 
NOTE: coordinate (-0.9589706514634321,0.10167969338305866) has been dropped bec
ause of a coordinate filter. (see also unbounded coords=jump). 
NOTE: coordinate (0.4465376918024591,0.8798460469240175) has been dropped becau
se of a coordinate filter. (see also unbounded coords=jump). 
NOTE: coordinate (0.5004597578763668,0.7056949412638651) has been dropped becau
se of a coordinate filter. (see also unbounded coords=jump). 
NOTE: coordinate (0.5032405432001112,0.6539666629800335) has been dropped becau
se of a coordinate filter. (see also unbounded coords=jump). 
NOTE: coordinate (-0.5302434392195099,-0.35033101885186874) has been dropped be
cause of a coordinate filter. (see also unbounded coords=jump). 
NOTE: coordinate (-0.8459020244275565,0.17741127237433751) has been dropped bec
ause of a coordinate filter. (see also unbounded coords=jump). 
NOTE: coordinate (0.613794035237555,0.6232902731814048) has been dropped becaus
e of a coordinate filter. (see also unbounded coords=jump). 
NOTE: coordinate (0.4960285494805114,0.2467744815453842) has been dropped becau
se of a coordinate filter. (see also unbounded coords=jump). 
NOTE: coordinate (-0.8091374169426199,-0.16045011428977884) has been dropped be
cause of a coordinate filter. (see also unbounded coords=jump). 
NOTE: coordinate (0.29322505615709876,-0.839915981410687) has been dropped beca
use of a coordinate filter. (see also unbounded coords=jump). 
NOTE: coordinate (0.31031868504748905,0.5787945046767108) has been dropped beca
use of a coordinate filter. (see also unbounded coords=jump). 
NOTE: coordinate (0.6443035686021317,0.518515139381497) has been dropped becaus
e of a coordinate filter. (see also unbounded coords=jump). 
NOTE: coordinate (0.21901348422248731,-0.16121872291002687) has been dropped be
cause of a coordinate filter. (see also unbounded coords=jump). 
NOTE: coordinate (-0.9306061061710446,0.1761915286383456) has been dropped beca
use of a coordinate filter. (see also unbounded coords=jump). 
NOTE: coordinate (0.28341831904628745,-0.9162888854881954) has been dropped bec
ause of a coordinate filter. (see also unbounded coords=jump). 
NOTE: coordinate (0.4051464884684865,-0.4101442162854112) has been dropped beca
use of a coordinate filter. (see also unbounded coords=jump). 
NOTE: coordinate (-0.9001394839742362,-0.2318226145289087) has been dropped bec
ause of a coordinate filter. (see also unbounded coords=jump). 
NOTE: coordinate (0.39759465079021655,0.6830988485751844) has been dropped beca
use of a coordinate filter. (see also unbounded coords=jump). 
NOTE: coordinate (0.48485109008876576,0.5727899900185375) has been dropped beca
use of a coordinate filter. (see also unbounded coords=jump). 
NOTE: coordinate (-0.611331201758906,0.17415584973039241) has been dropped beca
use of a coordinate filter. (see also unbounded coords=jump). 
NOTE: coordinate (0.6106260985511653,-0.8027741736917728) has been dropped beca
use of a coordinate filter. (see also unbounded coords=jump). 
PGFPlots: reading {./plotdata/Symmetric/a3t1.csv}

Package pgfplots Warning: scatter/classes: can't find class for '0'!? Please ma
ke sure you have specified 'scatter src=explicit symbolic'. Ignoring class '0' 
(this message will not come again). on input line 163.

 [warning /pgfplots/warning/scatter classes no such class]

Package pgfplots Warning: scatter/classes: can't find class for '-1'!? Please m
ake sure you have specified 'scatter src=explicit symbolic'. Ignoring class '-1
' (this message will not come again). on input line 163.

 [warning /pgfplots/warning/scatter classes no such class]

Package pgfplots Warning: scatter/classes: can't find class for '1'!? Please ma
ke sure you have specified 'scatter src=explicit symbolic'. Ignoring class '1' 
(this message will not come again). on input line 163.

 [warning /pgfplots/warning/scatter classes no such class]

pdfTeX warning (ext4): destination with the same identifier (name{equation.1.1}
) has been already used, duplicate ignored
<to be read again> 
                   \relax 
l.169 \begin{equation}
                      
pdfTeX warning (ext4): destination with the same identifier (name{equation.1.1}
) has been already used, duplicate ignored
<to be read again> 
                   \relax 
l.169 \begin{equation}
                      
pdfTeX warning (ext4): destination with the same identifier (name{equation.1.1}
) has been already used, duplicate ignored
<to be read again> 
                   \relax 
l.169 \begin{equation}
                      
pdfTeX warning (ext4): destination with the same identifier (name{equation.1.1}
) has been already used, duplicate ignored
<to be read again> 
                   \relax 
l.169 \begin{equation}
                      
Underfull \vbox (badness 10000) has occurred while \output is active []

\openout4 = `thesis1.mw'.

 [28]
(./thesis1.mw)
\openout4 = `thesis1.mw'.


pdfTeX warning (ext4): destination with the same identifier (name{equation.1.1}
) has been already used, duplicate ignored
<to be read again> 
                   \relax 
l.173 \begin{equation}
                      
pdfTeX warning (ext4): destination with the same identifier (name{equation.1.1}
) has been already used, duplicate ignored
<to be read again> 
                   \relax 
l.173 \begin{equation}
                      
pdfTeX warning (ext4): destination with the same identifier (name{equation.1.1}
) has been already used, duplicate ignored
<to be read again> 
                   \relax 
l.173 \begin{equation}
                      
pdfTeX warning (ext4): destination with the same identifier (name{equation.1.1}
) has been already used, duplicate ignored
<to be read again> 
                   \relax 
l.173 \begin{equation}
                      
\openout4 = `thesis1.mw'.

 [29] (./thesis1.mw)
\openout4 = `thesis1.mw'.


pdfTeX warning (ext4): destination with the same identifier (name{equation.1.1}
) has been already used, duplicate ignored
<to be read again> 
                   \relax 
l.186 \begin{equation}
                      
pdfTeX warning (ext4): destination with the same identifier (name{equation.1.1}
) has been already used, duplicate ignored
<to be read again> 
                   \relax 
l.186 \begin{equation}
                      
pdfTeX warning (ext4): destination with the same identifier (name{equation.1.1}
) has been already used, duplicate ignored
<to be read again> 
                   \relax 
l.186 \begin{equation}
                      
pdfTeX warning (ext4): destination with the same identifier (name{equation.1.1}
) has been already used, duplicate ignored
<to be read again> 
                   \relax 
l.186 \begin{equation}
                      
Underfull \vbox (badness 1874) has 